Protein_ID,Score,Species,Classification
NP_001018031.2,0.9382612,SC,Eukaryote
NP_001291944.1,0.8529961,SC,Eukaryote
NP_001335738.1,0.6971529,SC,Eukaryote
NP_001335783.1,0.9847877,SC,Eukaryote
NP_001335798.1,0.96662503,SC,Eukaryote
NP_009349.3,0.9888719,SC,Eukaryote
NP_009352.2,0.5522734,SC,Eukaryote
NP_009356.1,0.94106686,SC,Eukaryote
NP_009378.1,0.87494385,SC,Eukaryote
NP_009401.1,0.91641235,SC,Eukaryote
NP_009447.1,0.985603,SC,Eukaryote
NP_009487.2,0.987812,SC,Eukaryote
NP_009499.1,0.9740967,SC,Eukaryote
NP_009501.1,0.9519324,SC,Eukaryote
NP_009503.1,0.7201166,SC,Eukaryote
NP_009522.1,0.6581022,SC,Eukaryote
NP_009524.1,0.85261554,SC,Eukaryote
NP_009528.1,0.9485148,SC,Eukaryote
NP_009532.1,0.98566276,SC,Eukaryote
NP_009539.2,0.9876836,SC,Eukaryote
NP_009546.1,0.9627692,SC,Eukaryote
NP_009547.2,0.92156166,SC,Eukaryote
NP_009548.1,0.9889253,SC,Eukaryote
NP_009552.1,0.93645024,SC,Eukaryote
NP_009553.1,0.9726113,SC,Eukaryote
NP_009561.2,0.52217513,SC,Eukaryote
NP_009563.1,0.7195405,SC,Eukaryote
NP_009564.1,0.9535321,SC,Eukaryote
NP_009589.1,0.98904395,SC,Eukaryote
NP_009605.1,0.9567104,SC,Eukaryote
NP_009639.3,0.96283084,SC,Eukaryote
NP_009647.2,0.9756478,SC,Eukaryote
NP_009653.2,0.535633,SC,Eukaryote
NP_009666.3,0.9577495,SC,Eukaryote
NP_009681.3,0.9776831,SC,Eukaryote
NP_009687.1,0.8199433,SC,Eukaryote
NP_009696.2,0.9835186,SC,Eukaryote
NP_009698.3,0.936131,SC,Eukaryote
NP_009708.1,0.98923755,SC,Eukaryote
NP_009712.1,0.98749465,SC,Eukaryote
NP_009731.4,0.94431734,SC,Eukaryote
NP_009741.3,0.9812635,SC,Eukaryote
NP_009752.3,0.78899044,SC,Eukaryote
NP_009771.3,0.9744796,SC,Eukaryote
NP_009797.1,0.7824252,SC,Eukaryote
NP_009798.3,0.9918321,SC,Eukaryote
NP_009799.3,0.9903841,SC,Eukaryote
NP_009804.1,0.89097726,SC,Eukaryote
NP_009825.4,0.98495525,SC,Eukaryote
NP_009856.3,0.97864175,SC,Eukaryote
NP_009866.1,0.9896198,SC,Eukaryote
NP_009867.1,0.97094077,SC,Eukaryote
NP_009868.3,0.9896198,SC,Eukaryote
NP_009869.3,0.97094077,SC,Eukaryote
NP_009871.2,0.5514959,SC,Eukaryote
NP_009876.1,0.97545844,SC,Eukaryote
NP_009944.2,0.95381504,SC,Eukaryote
NP_009962.2,0.98697066,SC,Eukaryote
NP_009991.2,0.9857631,SC,Eukaryote
NP_009992.1,0.98211044,SC,Eukaryote
NP_010011.1,0.9778976,SC,Eukaryote
NP_010020.1,0.72861826,SC,Eukaryote
NP_010021.1,0.989884,SC,Eukaryote
NP_010031.1,0.98905456,SC,Eukaryote
NP_010048.1,0.7774965,SC,Eukaryote
NP_010058.1,0.6883919,SC,Eukaryote
NP_010106.1,0.9656339,SC,Eukaryote
NP_010111.1,0.9883449,SC,Eukaryote
NP_010131.1,0.96649987,SC,Eukaryote
NP_010150.1,0.88701826,SC,Eukaryote
NP_010177.1,0.99191743,SC,Eukaryote
NP_010195.1,0.9763215,SC,Eukaryote
NP_010209.1,0.9892539,SC,Eukaryote
NP_010213.1,0.92779464,SC,Eukaryote
NP_010227.1,0.9540316,SC,Eukaryote
NP_010235.1,0.98770183,SC,Eukaryote
NP_010241.1,0.9898662,SC,Eukaryote
NP_010264.3,0.9813903,SC,Eukaryote
NP_010282.3,0.9856909,SC,Eukaryote
NP_010300.3,0.7274865,SC,Eukaryote
NP_010309.3,0.9452466,SC,Eukaryote
NP_010317.3,0.99005485,SC,Eukaryote
NP_010328.3,0.9882366,SC,Eukaryote
NP_010366.1,0.9477177,SC,Eukaryote
NP_010381.1,0.991147,SC,Eukaryote
NP_010395.1,0.8963294,SC,Eukaryote
NP_010409.3,0.7207906,SC,Eukaryote
NP_010427.3,0.9840242,SC,Eukaryote
NP_010429.1,0.96669364,SC,Eukaryote
NP_010430.1,0.98996675,SC,Eukaryote
NP_010453.1,0.947472,SC,Eukaryote
NP_010472.3,0.89701664,SC,Eukaryote
NP_010493.1,0.9918177,SC,Eukaryote
NP_010499.1,0.9898245,SC,Eukaryote
NP_010502.3,0.9852187,SC,Eukaryote
NP_010510.3,0.9747192,SC,Eukaryote
NP_010511.3,0.9384587,SC,Eukaryote
NP_010514.3,0.9860766,SC,Eukaryote
NP_010515.3,0.97179383,SC,Eukaryote
NP_010539.1,0.98887455,SC,Eukaryote
NP_010545.3,0.9901384,SC,Eukaryote
NP_010552.3,0.98899955,SC,Eukaryote
NP_010581.3,0.9849783,SC,Eukaryote
NP_010582.3,0.9239556,SC,Eukaryote
NP_010589.3,0.9880491,SC,Eukaryote
NP_010599.1,0.97940147,SC,Eukaryote
NP_010610.3,0.98583686,SC,Eukaryote
NP_010649.1,0.89635223,SC,Eukaryote
NP_010650.1,0.7797087,SC,Eukaryote
NP_010667.1,0.9785952,SC,Eukaryote
NP_010685.1,0.9695509,SC,Eukaryote
NP_010692.3,0.9753871,SC,Eukaryote
NP_010708.1,0.97717535,SC,Eukaryote
NP_010709.1,0.98354536,SC,Eukaryote
NP_010711.3,0.9860427,SC,Eukaryote
NP_010739.3,0.99145716,SC,Eukaryote
NP_010752.3,0.96562076,SC,Eukaryote
NP_010757.3,0.67960143,SC,Eukaryote
NP_010763.2,0.97844213,SC,Eukaryote
NP_010766.3,0.65717876,SC,Eukaryote
NP_010773.4,0.9729326,SC,Eukaryote
NP_010793.2,0.54579705,SC,Eukaryote
NP_010808.3,0.99072367,SC,Eukaryote
NP_010852.4,0.69322586,SC,Eukaryote
NP_010907.3,0.9916898,SC,Eukaryote
NP_010909.1,0.9390493,SC,Eukaryote
NP_010945.1,0.9864423,SC,Eukaryote
NP_010949.4,0.986226,SC,Eukaryote
NP_010958.3,0.990628,SC,Eukaryote
NP_010964.3,0.9918767,SC,Eukaryote
NP_010966.1,0.84890395,SC,Eukaryote
NP_010985.1,0.98586845,SC,Eukaryote
NP_010986.1,0.9695272,SC,Eukaryote
NP_010991.3,0.9670701,SC,Eukaryote
NP_010992.1,0.6019158,SC,Eukaryote
NP_011012.3,0.9880007,SC,Eukaryote
NP_011036.1,0.6063345,SC,Eukaryote
NP_011039.1,0.91435575,SC,Eukaryote
NP_011056.1,0.99178934,SC,Eukaryote
NP_011075.3,0.9918454,SC,Eukaryote
NP_011085.1,0.76078385,SC,Eukaryote
NP_011088.1,0.9826074,SC,Eukaryote
NP_011094.3,0.75865173,SC,Eukaryote
NP_011096.1,0.99153274,SC,Eukaryote
NP_011098.3,0.9522341,SC,Eukaryote
NP_011103.1,0.84827983,SC,Eukaryote
NP_011104.3,0.8276722,SC,Eukaryote
NP_011111.1,0.9669174,SC,Eukaryote
NP_011260.1,0.987257,SC,Eukaryote
NP_011277.1,0.985974,SC,Eukaryote
NP_011306.1,0.9913536,SC,Eukaryote
NP_011314.2,0.68838435,SC,Eukaryote
NP_011332.2,0.66223127,SC,Eukaryote
NP_011349.3,0.98297244,SC,Eukaryote
NP_011353.1,0.991679,SC,Eukaryote
NP_011384.1,0.9734972,SC,Eukaryote
NP_011410.1,0.8729949,SC,Eukaryote
NP_011419.1,0.9910977,SC,Eukaryote
NP_011425.1,0.53601986,SC,Eukaryote
NP_011442.3,0.9901462,SC,Eukaryote
NP_011444.1,0.9865568,SC,Eukaryote
NP_011449.1,0.96921766,SC,Eukaryote
NP_011457.1,0.97138107,SC,Eukaryote
NP_011472.1,0.95936644,SC,Eukaryote
NP_011480.1,0.9876366,SC,Eukaryote
NP_011490.2,0.9816597,SC,Eukaryote
NP_011492.3,0.5741938,SC,Eukaryote
NP_011501.1,0.95885825,SC,Eukaryote
NP_011502.1,0.98866206,SC,Eukaryote
NP_011510.1,0.9418255,SC,Eukaryote
NP_011516.1,0.9119713,SC,Eukaryote
NP_011519.3,0.9580511,SC,Eukaryote
NP_011558.1,0.9898543,SC,Eukaryote
NP_011577.3,0.9867884,SC,Eukaryote
NP_011581.4,0.97934693,SC,Eukaryote
NP_011585.3,0.9896757,SC,Eukaryote
NP_011618.3,0.97330725,SC,Eukaryote
NP_011624.1,0.96581215,SC,Eukaryote
NP_011646.1,0.9720205,SC,Eukaryote
NP_011700.1,0.8107356,SC,Eukaryote
NP_011765.1,0.99052244,SC,Eukaryote
NP_011784.3,0.9749829,SC,Eukaryote
NP_011801.1,0.9680337,SC,Eukaryote
NP_011804.1,0.990436,SC,Eukaryote
NP_011836.1,0.99035805,SC,Eukaryote
NP_011838.1,0.982178,SC,Eukaryote
NP_011843.1,0.9350215,SC,Eukaryote
NP_011854.1,0.98666835,SC,Eukaryote
NP_011859.1,0.5316378,SC,Eukaryote
NP_011870.1,0.9827611,SC,Eukaryote
NP_011896.1,0.8442966,SC,Eukaryote
NP_011923.2,0.9896068,SC,Eukaryote
NP_011927.1,0.86373395,SC,Eukaryote
NP_011952.1,0.8539411,SC,Eukaryote
NP_011954.1,0.5679752,SC,Eukaryote
NP_011992.1,0.9615741,SC,Eukaryote
NP_012013.1,0.977532,SC,Eukaryote
NP_012035.1,0.53137344,SC,Eukaryote
NP_012047.1,0.96534,SC,Eukaryote
NP_012048.3,0.96286845,SC,Eukaryote
NP_012054.1,0.9640869,SC,Eukaryote
NP_012076.3,0.99022675,SC,Eukaryote
NP_012123.1,0.9509232,SC,Eukaryote
NP_012131.1,0.96208197,SC,Eukaryote
NP_012135.1,0.5275036,SC,Eukaryote
NP_012136.1,0.99052775,SC,Eukaryote
NP_012144.1,0.9871789,SC,Eukaryote
NP_012147.3,0.9670049,SC,Eukaryote
NP_012161.1,0.8826026,SC,Eukaryote
NP_012165.1,0.95139945,SC,Eukaryote
NP_012184.1,0.9525205,SC,Eukaryote
NP_012208.1,0.9775079,SC,Eukaryote
NP_012228.1,0.99175173,SC,Eukaryote
NP_012243.3,0.98928845,SC,Eukaryote
NP_012245.1,0.56055015,SC,Eukaryote
NP_012271.3,0.69276536,SC,Eukaryote
NP_012278.3,0.9910295,SC,Eukaryote
NP_012282.3,0.9913271,SC,Eukaryote
NP_012283.1,0.9852586,SC,Eukaryote
NP_012289.3,0.99023867,SC,Eukaryote
NP_012299.1,0.9502646,SC,Eukaryote
NP_012329.1,0.9543468,SC,Eukaryote
NP_012332.1,0.8266647,SC,Eukaryote
NP_012350.1,0.6463689,SC,Eukaryote
NP_012359.1,0.9131674,SC,Eukaryote
NP_012395.1,0.9698436,SC,Eukaryote
NP_012408.1,0.9530007,SC,Eukaryote
NP_012425.1,0.9882559,SC,Eukaryote
NP_012428.1,0.5664918,SC,Eukaryote
NP_012432.1,0.99030286,SC,Eukaryote
NP_012443.1,0.70452106,SC,Eukaryote
NP_012446.1,0.990562,SC,Eukaryote
NP_012451.1,0.60525197,SC,Eukaryote
NP_012459.1,0.9849664,SC,Eukaryote
NP_012479.1,0.99174714,SC,Eukaryote
NP_012494.3,0.55580944,SC,Eukaryote
NP_012529.3,0.9854703,SC,Eukaryote
NP_012586.1,0.7720139,SC,Eukaryote
NP_012594.1,0.97701216,SC,Eukaryote
NP_012617.1,0.9349081,SC,Eukaryote
NP_012622.3,0.6826984,SC,Eukaryote
NP_012624.1,0.9844488,SC,Eukaryote
NP_012661.3,0.9713401,SC,Eukaryote
NP_012700.1,0.9900461,SC,Eukaryote
NP_012718.1,0.6834015,SC,Eukaryote
NP_012736.1,0.9883711,SC,Eukaryote
NP_012761.1,0.9631059,SC,Eukaryote
NP_012778.1,0.9508509,SC,Eukaryote
NP_012797.1,0.95613027,SC,Eukaryote
NP_012810.1,0.9699691,SC,Eukaryote
NP_012817.1,0.9865108,SC,Eukaryote
NP_012861.1,0.9918046,SC,Eukaryote
NP_012864.1,0.7748768,SC,Eukaryote
NP_012865.1,0.9705193,SC,Eukaryote
NP_012881.1,0.96518844,SC,Eukaryote
NP_012886.3,0.9878748,SC,Eukaryote
NP_012893.3,0.9829434,SC,Eukaryote
NP_012905.1,0.8040398,SC,Eukaryote
NP_012910.1,0.98502284,SC,Eukaryote
NP_012921.3,0.9888039,SC,Eukaryote
NP_012935.3,0.7155094,SC,Eukaryote
NP_012946.3,0.85054976,SC,Eukaryote
NP_012959.1,0.9847297,SC,Eukaryote
NP_012964.2,0.99086565,SC,Eukaryote
NP_012974.1,0.79321843,SC,Eukaryote
NP_012988.1,0.97333884,SC,Eukaryote
NP_012989.3,0.5949607,SC,Eukaryote
NP_012990.1,0.9895503,SC,Eukaryote
NP_013017.2,0.9772546,SC,Eukaryote
NP_013025.3,0.9806996,SC,Eukaryote
NP_013046.2,0.98685753,SC,Eukaryote
NP_013079.1,0.8172624,SC,Eukaryote
NP_013088.1,0.91423273,SC,Eukaryote
NP_013113.1,0.9908535,SC,Eukaryote
NP_013114.1,0.9855282,SC,Eukaryote
NP_013115.1,0.95226836,SC,Eukaryote
NP_013197.1,0.9175105,SC,Eukaryote
NP_013199.1,0.99061453,SC,Eukaryote
NP_013232.1,0.9903024,SC,Eukaryote
NP_013242.1,0.94485193,SC,Eukaryote
NP_013283.1,0.96965784,SC,Eukaryote
NP_013320.1,0.9593144,SC,Eukaryote
NP_013324.1,0.9407534,SC,Eukaryote
NP_013329.1,0.9904461,SC,Eukaryote
NP_013357.1,0.988378,SC,Eukaryote
NP_013368.1,0.9906204,SC,Eukaryote
NP_013380.1,0.98732334,SC,Eukaryote
NP_013413.1,0.70336866,SC,Eukaryote
NP_013417.3,0.9318235,SC,Eukaryote
NP_013477.1,0.97494125,SC,Eukaryote
NP_013479.3,0.991884,SC,Eukaryote
NP_013503.1,0.98284,SC,Eukaryote
NP_013507.1,0.99135524,SC,Eukaryote
NP_013531.3,0.9068948,SC,Eukaryote
NP_013534.3,0.81545204,SC,Eukaryote
NP_013535.1,0.9592691,SC,Eukaryote
NP_013541.3,0.86445266,SC,Eukaryote
NP_013556.3,0.9907838,SC,Eukaryote
NP_013587.1,0.9788624,SC,Eukaryote
NP_013594.1,0.9351282,SC,Eukaryote
NP_013610.1,0.98982036,SC,Eukaryote
NP_013630.1,0.9830192,SC,Eukaryote
NP_013635.1,0.98492044,SC,Eukaryote
NP_013642.1,0.98914576,SC,Eukaryote
NP_013669.1,0.988274,SC,Eukaryote
NP_013685.1,0.99190253,SC,Eukaryote
NP_013695.2,0.51053894,SC,Eukaryote
NP_013703.1,0.7512105,SC,Eukaryote
NP_013707.1,0.9878626,SC,Eukaryote
NP_013718.1,0.5510973,SC,Eukaryote
NP_013729.1,0.98479027,SC,Eukaryote
NP_013732.1,0.97783136,SC,Eukaryote
NP_013734.1,0.98194236,SC,Eukaryote
NP_013743.1,0.980287,SC,Eukaryote
NP_013751.1,0.9919109,SC,Eukaryote
NP_013753.1,0.95746464,SC,Eukaryote
NP_013756.1,0.9869338,SC,Eukaryote
NP_013757.1,0.98859346,SC,Eukaryote
NP_013758.1,0.9847408,SC,Eukaryote
NP_013762.1,0.7936274,SC,Eukaryote
NP_013786.1,0.99187577,SC,Eukaryote
NP_013791.1,0.9596272,SC,Eukaryote
NP_013829.1,0.95093626,SC,Eukaryote
NP_013843.1,0.9784066,SC,Eukaryote
NP_013851.1,0.95009744,SC,Eukaryote
NP_013856.1,0.9918826,SC,Eukaryote
NP_013873.1,0.9853491,SC,Eukaryote
NP_013891.1,0.9900831,SC,Eukaryote
NP_013895.1,0.9890325,SC,Eukaryote
NP_013904.1,0.51865214,SC,Eukaryote
NP_013907.1,0.9908564,SC,Eukaryote
NP_013922.1,0.6995791,SC,Eukaryote
NP_013946.1,0.984777,SC,Eukaryote
NP_013955.1,0.98630154,SC,Eukaryote
NP_013959.1,0.67927986,SC,Eukaryote
NP_013960.1,0.9817027,SC,Eukaryote
NP_014007.1,0.9882018,SC,Eukaryote
NP_014085.1,0.96798867,SC,Eukaryote
NP_014112.1,0.5701714,SC,Eukaryote
NP_014121.1,0.7904346,SC,Eukaryote
NP_014151.1,0.98429596,SC,Eukaryote
NP_014154.1,0.7857984,SC,Eukaryote
NP_014183.1,0.97486293,SC,Eukaryote
NP_014193.1,0.98245966,SC,Eukaryote
NP_014232.1,0.9829842,SC,Eukaryote
NP_014235.1,0.95640224,SC,Eukaryote
NP_014245.1,0.5305731,SC,Eukaryote
NP_014263.1,0.5795782,SC,Eukaryote
NP_014275.3,0.6978884,SC,Eukaryote
NP_014281.1,0.8747765,SC,Eukaryote
NP_014286.1,0.9885039,SC,Eukaryote
NP_014296.4,0.8842629,SC,Eukaryote
NP_014325.3,0.9583045,SC,Eukaryote
NP_014331.3,0.9742526,SC,Eukaryote
NP_014348.3,0.7792955,SC,Eukaryote
NP_014359.3,0.98969704,SC,Eukaryote
NP_014367.1,0.9535321,SC,Eukaryote
NP_014368.1,0.7195405,SC,Eukaryote
NP_014371.1,0.9918826,SC,Eukaryote
NP_014373.3,0.96295965,SC,Eukaryote
NP_014375.1,0.9868514,SC,Eukaryote
NP_014461.3,0.99019605,SC,Eukaryote
NP_014506.1,0.75636005,SC,Eukaryote
NP_014530.1,0.5714032,SC,Eukaryote
NP_014539.1,0.9354905,SC,Eukaryote
NP_014552.1,0.9873055,SC,Eukaryote
NP_014569.1,0.88864106,SC,Eukaryote
NP_014574.1,0.9899121,SC,Eukaryote
NP_014614.1,0.9884567,SC,Eukaryote
NP_014631.1,0.9901754,SC,Eukaryote
NP_014638.1,0.9862212,SC,Eukaryote
NP_014642.1,0.9136122,SC,Eukaryote
NP_014666.1,0.5557332,SC,Eukaryote
NP_014671.1,0.99013126,SC,Eukaryote
NP_014675.1,0.9896422,SC,Eukaryote
NP_014709.1,0.98026526,SC,Eukaryote
NP_014753.1,0.78718406,SC,Eukaryote
NP_014756.3,0.99066436,SC,Eukaryote
NP_014766.1,0.90479386,SC,Eukaryote
NP_014767.3,0.9833046,SC,Eukaryote
NP_014770.1,0.8617774,SC,Eukaryote
NP_014775.3,0.9802208,SC,Eukaryote
NP_014783.4,0.98501104,SC,Eukaryote
NP_014805.3,0.9907342,SC,Eukaryote
NP_014815.3,0.98922133,SC,Eukaryote
NP_014817.3,0.9504747,SC,Eukaryote
NP_014837.1,0.872583,SC,Eukaryote
NP_014853.3,0.9886708,SC,Eukaryote
NP_014867.1,0.9604558,SC,Eukaryote
NP_014898.3,0.5551178,SC,Eukaryote
NP_014922.3,0.87428224,SC,Eukaryote
NP_014938.3,0.9767327,SC,Eukaryote
NP_014942.4,0.96232164,SC,Eukaryote
NP_014982.3,0.9894196,SC,Eukaryote
NP_014983.1,0.65182054,SC,Eukaryote
NP_014989.3,0.9842502,SC,Eukaryote
NP_015003.1,0.9839903,SC,Eukaryote
NP_015008.3,0.9898408,SC,Eukaryote
NP_015017.1,0.9526778,SC,Eukaryote
NP_015025.3,0.9878198,SC,Eukaryote
NP_015063.1,0.9450402,SC,Eukaryote
NP_015076.1,0.9881797,SC,Eukaryote
NP_015082.1,0.7348427,SC,Eukaryote
NP_015094.1,0.99179333,SC,Eukaryote
NP_015122.1,0.89410645,SC,Eukaryote
NP_015144.1,0.57758814,SC,Eukaryote
NP_015145.1,0.73668987,SC,Eukaryote
NP_015148.1,0.99150556,SC,Eukaryote
NP_015187.1,0.8868871,SC,Eukaryote
NP_015192.1,0.9907569,SC,Eukaryote
NP_015197.1,0.96142644,SC,Eukaryote
NP_015198.1,0.94110423,SC,Eukaryote
NP_015203.1,0.9772285,SC,Eukaryote
NP_015236.1,0.97447145,SC,Eukaryote
NP_015250.1,0.55559176,SC,Eukaryote
NP_015259.1,0.9693512,SC,Eukaryote
NP_015287.1,0.9872792,SC,Eukaryote
NP_015309.1,0.55438876,SC,Eukaryote
NP_015318.1,0.9856764,SC,Eukaryote
NP_015333.1,0.98864603,SC,Eukaryote
NP_015334.1,0.98981184,SC,Eukaryote
NP_015338.1,0.9882053,SC,Eukaryote
NP_015340.1,0.9888699,SC,Eukaryote
NP_015367.1,0.78555477,SC,Eukaryote
NP_015377.1,0.99067336,SC,Eukaryote
NP_015390.1,0.98170805,SC,Eukaryote
NP_015397.1,0.8060107,SC,Eukaryote
NP_015410.2,0.93318367,SC,Eukaryote
NP_015429.1,0.930276,SC,Eukaryote
NP_015431.1,0.7617296,SC,Eukaryote
NP_015440.1,0.9349515,SC,Eukaryote
NP_015497.1,0.6235453,SC,Eukaryote
NP_015505.1,0.96848124,SC,Eukaryote
NP_015512.1,0.9919195,SC,Eukaryote
NP_015513.1,0.9913958,SC,Eukaryote
NP_015516.1,0.9783192,SC,Eukaryote
NP_015522.1,0.9883936,SC,Eukaryote
NP_058133.1,0.87875235,SC,Eukaryote
NP_058162.3,0.90838337,SC,Eukaryote
NP_116603.1,0.98896104,SC,Eukaryote
NP_116620.1,0.6938301,SC,Eukaryote
NP_116622.1,0.9822112,SC,Eukaryote
NP_116632.1,0.9895527,SC,Eukaryote
NP_116671.1,0.5352241,SC,Eukaryote
NP_116674.2,0.6609315,SC,Eukaryote
NP_116692.1,0.9797896,SC,Eukaryote
NP_116695.3,0.98937714,SC,Eukaryote
NP_878113.4,0.95985645,SC,Eukaryote
XP_001728056.1,0.69480646,NC,Prokaryote
XP_001728161.2,0.9330371,NC,Prokaryote
XP_001728315.2,0.9720381,NC,Prokaryote
XP_001728403.1,0.8714539,NC,Prokaryote
XP_001728446.2,0.97320867,NC,Prokaryote
XP_001728447.2,0.8660673,NC,Prokaryote
XP_001728451.2,0.9900519,NC,Prokaryote
XP_001728453.1,0.52870435,NC,Prokaryote
XP_001728485.1,0.9875901,NC,Prokaryote
XP_001728534.2,0.76681864,NC,Prokaryote
XP_001728549.2,0.9918528,NC,Prokaryote
XP_011392774.1,0.8534386,NC,Prokaryote
XP_011392775.1,0.6529419,NC,Prokaryote
XP_011392776.1,0.8534386,NC,Prokaryote
XP_011392780.1,0.98454314,NC,Prokaryote
XP_011392781.1,0.98454314,NC,Prokaryote
XP_011392822.1,0.9835331,NC,Prokaryote
XP_011392826.1,0.7718903,NC,Prokaryote
XP_011392855.1,0.9322143,NC,Prokaryote
XP_011392856.1,0.93455464,NC,Prokaryote
XP_011392883.1,0.98724824,NC,Prokaryote
XP_011392884.1,0.98724824,NC,Prokaryote
XP_011392897.1,0.9919075,NC,Prokaryote
XP_011392898.1,0.9919075,NC,Prokaryote
XP_011392908.1,0.98421234,NC,Prokaryote
XP_011392909.1,0.9859805,NC,Prokaryote
XP_011392923.1,0.9901924,NC,Prokaryote
XP_011392924.1,0.9901924,NC,Prokaryote
XP_011392932.1,0.99053496,NC,Prokaryote
XP_011392933.1,0.99054724,NC,Prokaryote
XP_011392967.1,0.99078465,NC,Prokaryote
XP_011392968.1,0.99078465,NC,Prokaryote
XP_011392993.1,0.9861145,NC,Prokaryote
XP_011392994.1,0.97558177,NC,Prokaryote
XP_011392997.1,0.65952617,NC,Prokaryote
XP_011393010.1,0.9889494,NC,Prokaryote
XP_011393011.1,0.9889494,NC,Prokaryote
XP_011393026.1,0.93977654,NC,Prokaryote
XP_011393029.1,0.7328754,NC,Prokaryote
XP_011393030.1,0.7328754,NC,Prokaryote
XP_011393031.1,0.7328754,NC,Prokaryote
XP_011393032.1,0.7328754,NC,Prokaryote
XP_011393033.1,0.7328754,NC,Prokaryote
XP_011393038.1,0.990877,NC,Prokaryote
XP_011393039.1,0.990877,NC,Prokaryote
XP_011393040.1,0.990877,NC,Prokaryote
XP_011393047.1,0.9830011,NC,Prokaryote
XP_011393048.1,0.9830011,NC,Prokaryote
XP_011393049.1,0.968709,NC,Prokaryote
XP_011393050.1,0.60555893,NC,Prokaryote
XP_011393051.1,0.58892703,NC,Prokaryote
XP_011393055.1,0.50739986,NC,Prokaryote
XP_011393066.1,0.97357845,NC,Prokaryote
XP_011393067.1,0.97357845,NC,Prokaryote
XP_011393070.1,0.7573996,NC,Prokaryote
XP_011393071.1,0.7391365,NC,Prokaryote
XP_011393072.1,0.99079996,NC,Prokaryote
XP_011393073.1,0.99079996,NC,Prokaryote
XP_011393080.1,0.9906227,NC,Prokaryote
XP_011393081.1,0.9906227,NC,Prokaryote
XP_011393084.1,0.7848831,NC,Prokaryote
XP_011393085.1,0.7848831,NC,Prokaryote
XP_011393086.1,0.7848831,NC,Prokaryote
XP_011393087.1,0.7848831,NC,Prokaryote
XP_011393088.1,0.99072134,NC,Prokaryote
XP_011393089.1,0.99072134,NC,Prokaryote
XP_011393094.1,0.9893044,NC,Prokaryote
XP_011393095.1,0.9893044,NC,Prokaryote
XP_011393096.1,0.9893044,NC,Prokaryote
XP_011393127.1,0.9762413,NC,Prokaryote
XP_011393129.1,0.98937464,NC,Prokaryote
XP_011393130.1,0.98937464,NC,Prokaryote
XP_011393169.1,0.8661751,NC,Prokaryote
XP_011393170.1,0.9282961,NC,Prokaryote
XP_011393171.1,0.86205643,NC,Prokaryote
XP_011393185.1,0.9897462,NC,Prokaryote
XP_011393186.1,0.9897462,NC,Prokaryote
XP_011393197.1,0.7412285,NC,Prokaryote
XP_011393203.1,0.98798287,NC,Prokaryote
XP_011393204.1,0.98798287,NC,Prokaryote
XP_011393207.1,0.9727242,NC,Prokaryote
XP_011393208.1,0.9727242,NC,Prokaryote
XP_011393237.1,0.91982985,NC,Prokaryote
XP_011393238.1,0.91982985,NC,Prokaryote
XP_011393264.1,0.98134357,NC,Prokaryote
XP_011393265.1,0.9829683,NC,Prokaryote
XP_011393268.1,0.9768262,NC,Prokaryote
XP_011393269.1,0.90579575,NC,Prokaryote
XP_011393289.1,0.99056923,NC,Prokaryote
XP_011393295.1,0.99115515,NC,Prokaryote
XP_011393296.1,0.99110997,NC,Prokaryote
XP_011393297.1,0.99115515,NC,Prokaryote
XP_011393305.1,0.5157848,NC,Prokaryote
XP_011393349.1,0.96956235,NC,Prokaryote
XP_011393379.1,0.6391687,NC,Prokaryote
XP_011393407.1,0.8957388,NC,Prokaryote
XP_011393413.1,0.66797733,NC,Prokaryote
XP_011393414.1,0.66797733,NC,Prokaryote
XP_011393417.1,0.8932126,NC,Prokaryote
XP_011393425.1,0.84027535,NC,Prokaryote
XP_011393441.1,0.9717229,NC,Prokaryote
XP_011393442.1,0.9888959,NC,Prokaryote
XP_011393444.1,0.9186184,NC,Prokaryote
XP_011393452.1,0.6281123,NC,Prokaryote
XP_011393453.1,0.6281123,NC,Prokaryote
XP_011393463.1,0.80615425,NC,Prokaryote
XP_011393464.1,0.80615425,NC,Prokaryote
XP_011393489.1,0.974209,NC,Prokaryote
XP_011393490.1,0.9704105,NC,Prokaryote
XP_011393493.1,0.56703156,NC,Prokaryote
XP_011393494.1,0.85371864,NC,Prokaryote
XP_011393495.1,0.584351,NC,Prokaryote
XP_011393530.1,0.85593194,NC,Prokaryote
XP_011393550.1,0.9869992,NC,Prokaryote
XP_011393551.1,0.9869992,NC,Prokaryote
XP_011393554.1,0.96449673,NC,Prokaryote
XP_011393555.1,0.96449673,NC,Prokaryote
XP_011393560.1,0.95784277,NC,Prokaryote
XP_011393561.1,0.95784277,NC,Prokaryote
XP_011393562.1,0.95784277,NC,Prokaryote
XP_011393585.1,0.9728855,NC,Prokaryote
XP_011393586.1,0.97950876,NC,Prokaryote
XP_011393587.1,0.80922717,NC,Prokaryote
XP_011393588.1,0.7929267,NC,Prokaryote
XP_011393597.1,0.7586943,NC,Prokaryote
XP_011393614.1,0.7156072,NC,Prokaryote
XP_011393615.1,0.7156072,NC,Prokaryote
XP_011393652.1,0.667963,NC,Prokaryote
XP_011393663.1,0.66469985,NC,Prokaryote
XP_011393680.1,0.9716532,NC,Prokaryote
XP_011393696.1,0.9503489,NC,Prokaryote
XP_011393697.1,0.85389125,NC,Prokaryote
XP_011393698.1,0.9503489,NC,Prokaryote
XP_011393705.1,0.53456956,NC,Prokaryote
XP_011393708.1,0.9873847,NC,Prokaryote
XP_011393717.1,0.966267,NC,Prokaryote
XP_011393734.1,0.961811,NC,Prokaryote
XP_011393735.1,0.961811,NC,Prokaryote
XP_011393736.1,0.5550446,NC,Prokaryote
XP_011393737.1,0.5550446,NC,Prokaryote
XP_011393738.1,0.5550446,NC,Prokaryote
XP_011393747.1,0.8505938,NC,Prokaryote
XP_011393748.1,0.8490543,NC,Prokaryote
XP_011393749.1,0.85871726,NC,Prokaryote
XP_011393750.1,0.85871726,NC,Prokaryote
XP_011393751.1,0.98203063,NC,Prokaryote
XP_011393752.1,0.98203063,NC,Prokaryote
XP_011393753.1,0.98203063,NC,Prokaryote
XP_011393754.1,0.9879071,NC,Prokaryote
XP_011393755.1,0.9864167,NC,Prokaryote
XP_011393766.1,0.9837879,NC,Prokaryote
XP_011393767.1,0.9837879,NC,Prokaryote
XP_011393781.1,0.7211998,NC,Prokaryote
XP_011393790.1,0.6211566,NC,Prokaryote
XP_011393792.1,0.9876215,NC,Prokaryote
XP_011393793.1,0.9876215,NC,Prokaryote
XP_011393807.1,0.946681,NC,Prokaryote
XP_011393808.1,0.98051584,NC,Prokaryote
XP_011393820.1,0.99024045,NC,Prokaryote
XP_011393821.1,0.99023706,NC,Prokaryote
XP_011393829.1,0.8312157,NC,Prokaryote
XP_011393830.1,0.821889,NC,Prokaryote
XP_011393867.1,0.87415206,NC,Prokaryote
XP_011393868.1,0.9836429,NC,Prokaryote
XP_011393869.1,0.9675427,NC,Prokaryote
XP_011393877.1,0.9838579,NC,Prokaryote
XP_011393878.1,0.98372155,NC,Prokaryote
XP_011393923.1,0.84247875,NC,Prokaryote
XP_011393924.1,0.9848164,NC,Prokaryote
XP_011393925.1,0.98480487,NC,Prokaryote
XP_011393940.1,0.9401308,NC,Prokaryote
XP_011393947.1,0.9184001,NC,Prokaryote
XP_011393948.1,0.8917516,NC,Prokaryote
XP_011393968.1,0.6956278,NC,Prokaryote
XP_011393969.1,0.7889716,NC,Prokaryote
XP_011393982.1,0.9874959,NC,Prokaryote
XP_011393983.1,0.9874959,NC,Prokaryote
XP_011393984.1,0.9874959,NC,Prokaryote
XP_011393998.1,0.5835964,NC,Prokaryote
XP_011394043.1,0.94380367,NC,Prokaryote
XP_011394046.1,0.9885223,NC,Prokaryote
XP_011394049.1,0.71326613,NC,Prokaryote
XP_011394053.1,0.90438414,NC,Prokaryote
XP_011394062.1,0.7015817,NC,Prokaryote
XP_011394072.1,0.99146944,NC,Prokaryote
XP_011394073.1,0.87647086,NC,Prokaryote
XP_011394083.1,0.96621424,NC,Prokaryote
XP_011394084.1,0.96621424,NC,Prokaryote
XP_011394085.1,0.6347643,NC,Prokaryote
XP_011394086.1,0.6347643,NC,Prokaryote
XP_011394089.1,0.837416,NC,Prokaryote
XP_011394091.1,0.9845264,NC,Prokaryote
XP_011394092.1,0.98349816,NC,Prokaryote
XP_011394093.1,0.9906944,NC,Prokaryote
XP_011394094.1,0.9906944,NC,Prokaryote
XP_011394095.1,0.9906944,NC,Prokaryote
XP_011394098.1,0.91108584,NC,Prokaryote
XP_011394099.1,0.8903254,NC,Prokaryote
XP_011394180.1,0.7963034,NC,Prokaryote
XP_011394197.1,0.7794822,NC,Prokaryote
XP_011394198.1,0.9813441,NC,Prokaryote
XP_011394203.1,0.9904812,NC,Prokaryote
XP_011394204.1,0.99048024,NC,Prokaryote
XP_011394215.1,0.5885999,NC,Prokaryote
XP_011394229.1,0.9914473,NC,Prokaryote
XP_011394230.1,0.9914473,NC,Prokaryote
XP_011394256.1,0.98496604,NC,Prokaryote
XP_011394257.1,0.9852337,NC,Prokaryote
XP_011394265.1,0.9905501,NC,Prokaryote
XP_011394266.1,0.9905501,NC,Prokaryote
XP_011394280.1,0.990081,NC,Prokaryote
XP_011394282.1,0.91310513,NC,Prokaryote
XP_011394283.1,0.91310513,NC,Prokaryote
XP_011394284.1,0.91310513,NC,Prokaryote
XP_011394295.1,0.98596674,NC,Prokaryote
XP_011394296.1,0.98580235,NC,Prokaryote
XP_011394304.1,0.9903852,NC,Prokaryote
XP_011394332.1,0.9867878,NC,Prokaryote
XP_011394347.1,0.93846065,NC,Prokaryote
XP_011394349.1,0.9901722,NC,Prokaryote
XP_011394382.1,0.98717356,NC,Prokaryote
XP_011394383.1,0.98932225,NC,Prokaryote
XP_011394395.1,0.9903966,NC,Prokaryote
XP_011394416.1,0.577071,NC,Prokaryote
XP_011394429.1,0.9546095,NC,Prokaryote
XP_011394435.1,0.95272493,NC,Prokaryote
XP_011394439.1,0.88323367,NC,Prokaryote
XP_011394440.1,0.8343807,NC,Prokaryote
XP_011394446.1,0.77847683,NC,Prokaryote
XP_011394455.1,0.54467654,NC,Prokaryote
XP_011394456.1,0.54467654,NC,Prokaryote
XP_011394461.1,0.9810667,NC,Prokaryote
XP_011394462.1,0.98049426,NC,Prokaryote
XP_011394473.1,0.9915788,NC,Prokaryote
XP_011394474.1,0.99151516,NC,Prokaryote
XP_011394485.1,0.5441484,NC,Prokaryote
XP_011394486.1,0.5377383,NC,Prokaryote
XP_011394512.1,0.9918745,NC,Prokaryote
XP_011394513.1,0.9911747,NC,Prokaryote
XP_011394522.1,0.9613771,NC,Prokaryote
XP_011394523.1,0.9613771,NC,Prokaryote
XP_011394564.1,0.7764782,NC,Prokaryote
XP_011394565.1,0.7764782,NC,Prokaryote
XP_011394566.1,0.9776857,NC,Prokaryote
XP_011394567.1,0.9889129,NC,Prokaryote
XP_011394570.1,0.6447896,NC,Prokaryote
XP_011394571.1,0.6481822,NC,Prokaryote
XP_011394599.1,0.7164893,NC,Prokaryote
XP_011394600.1,0.7164893,NC,Prokaryote
XP_011394601.1,0.7164893,NC,Prokaryote
XP_011394606.1,0.57316107,NC,Prokaryote
XP_011394607.1,0.57316107,NC,Prokaryote
XP_011394641.1,0.7917907,NC,Prokaryote
XP_011394642.1,0.7917907,NC,Prokaryote
XP_011394643.1,0.7062721,NC,Prokaryote
XP_011394703.1,0.9875141,NC,Prokaryote
XP_011394704.1,0.9875141,NC,Prokaryote
XP_011394705.1,0.9875141,NC,Prokaryote
XP_011394706.1,0.9875141,NC,Prokaryote
XP_011394711.1,0.882294,NC,Prokaryote
XP_011394717.1,0.9857178,NC,Prokaryote
XP_011394731.1,0.6830573,NC,Prokaryote
XP_011394732.1,0.99066204,NC,Prokaryote
XP_011394733.1,0.9902774,NC,Prokaryote
XP_011394743.1,0.5679879,NC,Prokaryote
XP_011394749.1,0.9894795,NC,Prokaryote
XP_011394759.1,0.9889608,NC,Prokaryote
XP_011394760.1,0.9889608,NC,Prokaryote
XP_011394763.1,0.94079447,NC,Prokaryote
XP_011394764.1,0.94079447,NC,Prokaryote
XP_011394813.1,0.8253234,NC,Prokaryote
XP_011394838.1,0.86290395,NC,Prokaryote
XP_011394863.1,0.7914999,NC,Prokaryote
XP_011394924.1,0.95831037,NC,Prokaryote
XP_011394979.1,0.80104935,NC,Prokaryote
XP_011394980.1,0.80104935,NC,Prokaryote
XP_011394982.1,0.96324897,NC,Prokaryote
XP_011394990.1,0.98288476,NC,Prokaryote
XP_011394991.1,0.97261435,NC,Prokaryote
XP_011394999.1,0.7298827,NC,Prokaryote
XP_011395010.1,0.57264143,NC,Prokaryote
XP_011395011.1,0.57264143,NC,Prokaryote
XP_011395059.1,0.9688946,NC,Prokaryote
XP_011395063.1,0.8213922,NC,Prokaryote
XP_011395070.1,0.96097374,NC,Prokaryote
XP_011395125.1,0.54835725,NC,Prokaryote
XP_011395126.1,0.54835725,NC,Prokaryote
XP_011395150.1,0.98442256,NC,Prokaryote
XP_011395151.1,0.98442256,NC,Prokaryote
XP_011395152.1,0.98442256,NC,Prokaryote
XP_011395153.1,0.98442256,NC,Prokaryote
XP_011395172.1,0.5341912,NC,Prokaryote
XP_011395176.1,0.7179775,NC,Prokaryote
XP_011395177.1,0.74157494,NC,Prokaryote
XP_011395197.1,0.77363443,NC,Prokaryote
XP_011395198.1,0.79958904,NC,Prokaryote
XP_011395199.1,0.788426,NC,Prokaryote
XP_011395200.1,0.77363443,NC,Prokaryote
XP_011395220.1,0.86977303,NC,Prokaryote
XP_011395255.1,0.98945963,NC,Prokaryote
XP_011395256.1,0.99019474,NC,Prokaryote
XP_011395257.1,0.99019474,NC,Prokaryote
XP_011395258.1,0.98945963,NC,Prokaryote
XP_011395269.1,0.9783733,NC,Prokaryote
XP_011395270.1,0.9783733,NC,Prokaryote
XP_011395297.1,0.9813136,NC,Prokaryote
XP_011395317.1,0.9656484,NC,Prokaryote
XP_011395318.1,0.96085566,NC,Prokaryote
XP_011395319.1,0.96085566,NC,Prokaryote
XP_011395351.1,0.54378533,NC,Prokaryote
XP_011395372.1,0.7530504,NC,Prokaryote
XP_011395383.1,0.75169885,NC,Prokaryote
XP_011395385.1,0.93438137,NC,Prokaryote
XP_011395397.1,0.9820149,NC,Prokaryote
XP_955777.1,0.9409884,NC,Prokaryote
XP_955781.2,0.95677584,NC,Prokaryote
XP_955784.1,0.9899638,NC,Prokaryote
XP_955791.1,0.9887193,NC,Prokaryote
XP_955798.3,0.9909021,NC,Prokaryote
XP_955838.2,0.9536196,NC,Prokaryote
XP_955847.1,0.98996043,NC,Prokaryote
XP_955849.1,0.9744124,NC,Prokaryote
XP_955851.2,0.9090649,NC,Prokaryote
XP_955898.1,0.9807793,NC,Prokaryote
XP_955908.1,0.97413784,NC,Prokaryote
XP_955909.2,0.6320066,NC,Prokaryote
XP_955911.2,0.9506543,NC,Prokaryote
XP_955946.2,0.8127161,NC,Prokaryote
XP_955949.1,0.98822,NC,Prokaryote
XP_955953.1,0.959194,NC,Prokaryote
XP_955957.1,0.6246613,NC,Prokaryote
XP_955962.1,0.93238425,NC,Prokaryote
XP_956002.2,0.85901827,NC,Prokaryote
XP_956003.1,0.7165315,NC,Prokaryote
XP_956012.1,0.9723771,NC,Prokaryote
XP_956079.3,0.9654969,NC,Prokaryote
XP_956084.3,0.98602784,NC,Prokaryote
XP_956123.1,0.9829433,NC,Prokaryote
XP_956130.1,0.5628652,NC,Prokaryote
XP_956140.2,0.71461064,NC,Prokaryote
XP_956168.3,0.5983337,NC,Prokaryote
XP_956186.1,0.98892784,NC,Prokaryote
XP_956202.1,0.7936213,NC,Prokaryote
XP_956208.1,0.9398062,NC,Prokaryote
XP_956218.1,0.98497295,NC,Prokaryote
XP_956229.1,0.6238604,NC,Prokaryote
XP_956246.2,0.9296519,NC,Prokaryote
XP_956291.1,0.8558319,NC,Prokaryote
XP_956293.1,0.7531086,NC,Prokaryote
XP_956294.2,0.6950801,NC,Prokaryote
XP_956322.1,0.98662204,NC,Prokaryote
XP_956327.1,0.8043988,NC,Prokaryote
XP_956369.1,0.68985415,NC,Prokaryote
XP_956370.1,0.98111343,NC,Prokaryote
XP_956383.3,0.9561972,NC,Prokaryote
XP_956387.3,0.5610116,NC,Prokaryote
XP_956403.2,0.99011034,NC,Prokaryote
XP_956425.1,0.9906296,NC,Prokaryote
XP_956430.1,0.68927616,NC,Prokaryote
XP_956435.1,0.98057723,NC,Prokaryote
XP_956438.1,0.9906819,NC,Prokaryote
XP_956461.3,0.9893561,NC,Prokaryote
XP_956474.1,0.86331105,NC,Prokaryote
XP_956495.1,0.74035686,NC,Prokaryote
XP_956502.1,0.8969828,NC,Prokaryote
XP_956508.2,0.9836595,NC,Prokaryote
XP_956534.1,0.99002224,NC,Prokaryote
XP_956554.1,0.96018004,NC,Prokaryote
XP_956559.3,0.9856222,NC,Prokaryote
XP_956560.2,0.9912833,NC,Prokaryote
XP_956597.1,0.85901827,NC,Prokaryote
XP_956604.1,0.84347224,NC,Prokaryote
XP_956625.1,0.97634196,NC,Prokaryote
XP_956628.1,0.967219,NC,Prokaryote
XP_956643.1,0.82969874,NC,Prokaryote
XP_956668.3,0.98802954,NC,Prokaryote
XP_956687.2,0.95071757,NC,Prokaryote
XP_956700.1,0.5122959,NC,Prokaryote
XP_956709.3,0.9889038,NC,Prokaryote
XP_956721.2,0.8633761,NC,Prokaryote
XP_956755.2,0.9888775,NC,Prokaryote
XP_956781.3,0.8082883,NC,Prokaryote
XP_956799.3,0.8674984,NC,Prokaryote
XP_956815.2,0.97449094,NC,Prokaryote
XP_956825.1,0.95225114,NC,Prokaryote
XP_956864.3,0.9907679,NC,Prokaryote
XP_956902.3,0.9561562,NC,Prokaryote
XP_956919.1,0.9784435,NC,Prokaryote
XP_956958.2,0.93009645,NC,Prokaryote
XP_956964.1,0.9858305,NC,Prokaryote
XP_956981.1,0.8319397,NC,Prokaryote
XP_957004.1,0.97639287,NC,Prokaryote
XP_957025.3,0.96194637,NC,Prokaryote
XP_957082.1,0.9278826,NC,Prokaryote
XP_957128.2,0.57490695,NC,Prokaryote
XP_957137.1,0.70821667,NC,Prokaryote
XP_957139.1,0.98377603,NC,Prokaryote
XP_957199.1,0.5789267,NC,Prokaryote
XP_957203.1,0.9253666,NC,Prokaryote
XP_957209.1,0.9871213,NC,Prokaryote
XP_957214.2,0.9907064,NC,Prokaryote
XP_957220.1,0.9636903,NC,Prokaryote
XP_957221.3,0.9849518,NC,Prokaryote
XP_957224.3,0.9249204,NC,Prokaryote
XP_957268.1,0.9210321,NC,Prokaryote
XP_957274.3,0.8332605,NC,Prokaryote
XP_957278.1,0.9547815,NC,Prokaryote
XP_957294.1,0.7945781,NC,Prokaryote
XP_957302.2,0.6294875,NC,Prokaryote
XP_957305.1,0.9885931,NC,Prokaryote
XP_957316.2,0.5773441,NC,Prokaryote
XP_957320.1,0.862621,NC,Prokaryote
XP_957328.2,0.98604774,NC,Prokaryote
XP_957334.3,0.9770955,NC,Prokaryote
XP_957344.2,0.95566714,NC,Prokaryote
XP_957352.2,0.97458726,NC,Prokaryote
XP_957382.1,0.8353062,NC,Prokaryote
XP_957466.2,0.52138716,NC,Prokaryote
XP_957474.1,0.9506586,NC,Prokaryote
XP_957500.2,0.98543173,NC,Prokaryote
XP_957531.3,0.9737162,NC,Prokaryote
XP_957544.2,0.990081,NC,Prokaryote
XP_957570.2,0.99180764,NC,Prokaryote
XP_957577.2,0.99073154,NC,Prokaryote
XP_957595.1,0.79484445,NC,Prokaryote
XP_957596.1,0.8883113,NC,Prokaryote
XP_957601.2,0.98341733,NC,Prokaryote
XP_957613.2,0.9627026,NC,Prokaryote
XP_957616.1,0.9905207,NC,Prokaryote
XP_957630.3,0.9558834,NC,Prokaryote
XP_957633.1,0.81346774,NC,Prokaryote
XP_957637.1,0.9881132,NC,Prokaryote
XP_957643.1,0.93014103,NC,Prokaryote
XP_957662.2,0.59570795,NC,Prokaryote
XP_957665.1,0.9894314,NC,Prokaryote
XP_957668.2,0.60576767,NC,Prokaryote
XP_957673.3,0.9894922,NC,Prokaryote
XP_957688.3,0.73590684,NC,Prokaryote
XP_957728.2,0.71043813,NC,Prokaryote
XP_957795.2,0.9481884,NC,Prokaryote
XP_957800.2,0.9898956,NC,Prokaryote
XP_957811.1,0.9918372,NC,Prokaryote
XP_957845.3,0.990247,NC,Prokaryote
XP_957856.2,0.9836796,NC,Prokaryote
XP_957885.3,0.9900213,NC,Prokaryote
XP_957891.1,0.9832327,NC,Prokaryote
XP_957912.3,0.9856371,NC,Prokaryote
XP_957940.1,0.8351652,NC,Prokaryote
XP_957992.2,0.79197866,NC,Prokaryote
XP_957994.3,0.53962344,NC,Prokaryote
XP_958002.1,0.9884765,NC,Prokaryote
XP_958054.1,0.950301,NC,Prokaryote
XP_958079.1,0.9734423,NC,Prokaryote
XP_958089.2,0.98576134,NC,Prokaryote
XP_958117.1,0.6383277,NC,Prokaryote
XP_958121.1,0.9862163,NC,Prokaryote
XP_958175.2,0.9847111,NC,Prokaryote
XP_958180.1,0.6155465,NC,Prokaryote
XP_958244.2,0.9011644,NC,Prokaryote
XP_958269.3,0.9844828,NC,Prokaryote
XP_958292.1,0.7646299,NC,Prokaryote
XP_958383.1,0.75960743,NC,Prokaryote
XP_958398.1,0.81274086,NC,Prokaryote
XP_958400.1,0.8098422,NC,Prokaryote
XP_958432.3,0.9777395,NC,Prokaryote
XP_958466.1,0.9830677,NC,Prokaryote
XP_958476.3,0.990765,NC,Prokaryote
XP_958482.2,0.6130806,NC,Prokaryote
XP_958494.1,0.931176,NC,Prokaryote
XP_958544.2,0.92443687,NC,Prokaryote
XP_958587.1,0.5881694,NC,Prokaryote
XP_958606.1,0.9759882,NC,Prokaryote
XP_958623.3,0.8917632,NC,Prokaryote
XP_958632.1,0.9325544,NC,Prokaryote
XP_958640.1,0.7262719,NC,Prokaryote
XP_958660.2,0.9861535,NC,Prokaryote
XP_958673.1,0.82930636,NC,Prokaryote
XP_958675.2,0.53872246,NC,Prokaryote
XP_958681.1,0.70081586,NC,Prokaryote
XP_958696.1,0.9692815,NC,Prokaryote
XP_958716.1,0.65075475,NC,Prokaryote
XP_958768.3,0.9887299,NC,Prokaryote
XP_958771.1,0.8583075,NC,Prokaryote
XP_958775.2,0.99004644,NC,Prokaryote
XP_958782.2,0.9626957,NC,Prokaryote
XP_958783.2,0.69684654,NC,Prokaryote
XP_958788.1,0.530559,NC,Prokaryote
XP_958829.3,0.9906707,NC,Prokaryote
XP_958837.2,0.9907488,NC,Prokaryote
XP_958847.1,0.61354333,NC,Prokaryote
XP_958867.2,0.9890876,NC,Prokaryote
XP_958876.1,0.7159773,NC,Prokaryote
XP_958897.1,0.72115237,NC,Prokaryote
XP_958931.1,0.9669429,NC,Prokaryote
XP_958965.1,0.87392145,NC,Prokaryote
XP_958980.2,0.9906268,NC,Prokaryote
XP_958983.2,0.98881465,NC,Prokaryote
XP_959002.3,0.9302707,NC,Prokaryote
XP_959021.1,0.86905,NC,Prokaryote
XP_959038.1,0.9772906,NC,Prokaryote
XP_959048.3,0.9907452,NC,Prokaryote
XP_959091.1,0.76755375,NC,Prokaryote
XP_959098.1,0.9753652,NC,Prokaryote
XP_959123.2,0.99073875,NC,Prokaryote
XP_959128.3,0.597564,NC,Prokaryote
XP_959141.2,0.98301655,NC,Prokaryote
XP_959144.1,0.9773491,NC,Prokaryote
XP_959149.3,0.9905998,NC,Prokaryote
XP_959150.1,0.9481664,NC,Prokaryote
XP_959158.2,0.99191064,NC,Prokaryote
XP_959164.3,0.53234285,NC,Prokaryote
XP_959174.1,0.9771558,NC,Prokaryote
XP_959175.3,0.9859196,NC,Prokaryote
XP_959181.1,0.6559511,NC,Prokaryote
XP_959206.3,0.98518986,NC,Prokaryote
XP_959214.2,0.96520877,NC,Prokaryote
XP_959229.2,0.7390577,NC,Prokaryote
XP_959234.1,0.61673045,NC,Prokaryote
XP_959236.1,0.85182846,NC,Prokaryote
XP_959243.1,0.95749885,NC,Prokaryote
XP_959250.1,0.8622622,NC,Prokaryote
XP_959266.1,0.9790163,NC,Prokaryote
XP_959276.3,0.75111353,NC,Prokaryote
XP_959331.1,0.96160805,NC,Prokaryote
XP_959335.1,0.9464073,NC,Prokaryote
XP_959338.1,0.8626059,NC,Prokaryote
XP_959389.2,0.9650384,NC,Prokaryote
XP_959408.1,0.97734773,NC,Prokaryote
XP_959429.2,0.9875272,NC,Prokaryote
XP_959442.1,0.96440834,NC,Prokaryote
XP_959452.3,0.99176675,NC,Prokaryote
XP_959477.1,0.9624515,NC,Prokaryote
XP_959483.3,0.92515033,NC,Prokaryote
XP_959500.2,0.9753087,NC,Prokaryote
XP_959541.3,0.98986185,NC,Prokaryote
XP_959577.2,0.98084843,NC,Prokaryote
XP_959618.1,0.9903992,NC,Prokaryote
XP_959636.1,0.5162709,NC,Prokaryote
XP_959649.1,0.72051907,NC,Prokaryote
XP_959651.3,0.9906855,NC,Prokaryote
XP_959679.2,0.99039465,NC,Prokaryote
XP_959687.1,0.9906742,NC,Prokaryote
XP_959706.3,0.9891426,NC,Prokaryote
XP_959729.1,0.9844274,NC,Prokaryote
XP_959742.1,0.93802977,NC,Prokaryote
XP_959785.1,0.87265486,NC,Prokaryote
XP_959798.2,0.7870376,NC,Prokaryote
XP_959831.2,0.98699445,NC,Prokaryote
XP_959835.3,0.637353,NC,Prokaryote
XP_959882.1,0.79838175,NC,Prokaryote
XP_959895.1,0.9162554,NC,Prokaryote
XP_959906.1,0.5598038,NC,Prokaryote
XP_959920.1,0.9504846,NC,Prokaryote
XP_959945.1,0.91800606,NC,Prokaryote
XP_959951.3,0.9903071,NC,Prokaryote
XP_960002.2,0.987205,NC,Prokaryote
XP_960007.1,0.86112326,NC,Prokaryote
XP_960008.1,0.8662202,NC,Prokaryote
XP_960016.1,0.5995534,NC,Prokaryote
XP_960050.2,0.56491774,NC,Prokaryote
XP_960126.1,0.9195978,NC,Prokaryote
XP_960138.2,0.7832122,NC,Prokaryote
XP_960141.1,0.9597684,NC,Prokaryote
XP_960143.1,0.814193,NC,Prokaryote
XP_960149.1,0.7143378,NC,Prokaryote
XP_960198.1,0.7257582,NC,Prokaryote
XP_960201.2,0.98635614,NC,Prokaryote
XP_960207.1,0.8056763,NC,Prokaryote
XP_960209.2,0.96270454,NC,Prokaryote
XP_960219.1,0.99184567,NC,Prokaryote
XP_960222.1,0.9422115,NC,Prokaryote
XP_960244.1,0.7071861,NC,Prokaryote
XP_960283.1,0.9270428,NC,Prokaryote
XP_960322.2,0.9857869,NC,Prokaryote
XP_960327.3,0.9678922,NC,Prokaryote
XP_960343.1,0.53567386,NC,Prokaryote
XP_960358.2,0.7258943,NC,Prokaryote
XP_960359.3,0.96183133,NC,Prokaryote
XP_960366.2,0.9807395,NC,Prokaryote
XP_960368.3,0.76203513,NC,Prokaryote
XP_960377.1,0.52383775,NC,Prokaryote
XP_960383.1,0.9808311,NC,Prokaryote
XP_960386.3,0.98864114,NC,Prokaryote
XP_960389.1,0.9848369,NC,Prokaryote
XP_960406.1,0.96508646,NC,Prokaryote
XP_960407.3,0.99050975,NC,Prokaryote
XP_960421.1,0.73416156,NC,Prokaryote
XP_960492.1,0.74724525,NC,Prokaryote
XP_960493.1,0.72937065,NC,Prokaryote
XP_960498.1,0.986083,NC,Prokaryote
XP_960500.1,0.5006144,NC,Prokaryote
XP_960505.1,0.91617155,NC,Prokaryote
XP_960512.2,0.9664284,NC,Prokaryote
XP_960521.1,0.95880437,NC,Prokaryote
XP_960541.1,0.5139579,NC,Prokaryote
XP_960591.1,0.78869194,NC,Prokaryote
XP_960593.1,0.85032827,NC,Prokaryote
XP_960598.2,0.63550895,NC,Prokaryote
XP_960600.3,0.6666764,NC,Prokaryote
XP_960618.2,0.97923344,NC,Prokaryote
XP_960646.1,0.98989373,NC,Prokaryote
XP_960677.1,0.5049237,NC,Prokaryote
XP_960701.3,0.98835784,NC,Prokaryote
XP_960734.2,0.9897087,NC,Prokaryote
XP_960777.1,0.821641,NC,Prokaryote
XP_960787.1,0.98141426,NC,Prokaryote
XP_960800.1,0.84012306,NC,Prokaryote
XP_960809.2,0.93732804,NC,Prokaryote
XP_960846.1,0.6516126,NC,Prokaryote
XP_960915.2,0.8348375,NC,Prokaryote
XP_960927.1,0.5557976,NC,Prokaryote
XP_960943.2,0.9894616,NC,Prokaryote
XP_960967.1,0.9868925,NC,Prokaryote
XP_960970.1,0.6070343,NC,Prokaryote
XP_960978.2,0.9906724,NC,Prokaryote
XP_960995.1,0.9162065,NC,Prokaryote
XP_960996.2,0.96068895,NC,Prokaryote
XP_961058.3,0.7321673,NC,Prokaryote
XP_961068.1,0.7035697,NC,Prokaryote
XP_961084.2,0.6448478,NC,Prokaryote
XP_961085.2,0.9900574,NC,Prokaryote
XP_961101.1,0.5608007,NC,Prokaryote
XP_961139.2,0.99134505,NC,Prokaryote
XP_961150.3,0.87758124,NC,Prokaryote
XP_961158.1,0.98753566,NC,Prokaryote
XP_961171.2,0.9835865,NC,Prokaryote
XP_961211.1,0.6110845,NC,Prokaryote
XP_961266.1,0.98311365,NC,Prokaryote
XP_961268.1,0.88362515,NC,Prokaryote
XP_961320.1,0.98954076,NC,Prokaryote
XP_961326.1,0.5950451,NC,Prokaryote
XP_961348.2,0.9588724,NC,Prokaryote
XP_961370.2,0.9907871,NC,Prokaryote
XP_961389.1,0.64698863,NC,Prokaryote
XP_961397.2,0.981222,NC,Prokaryote
XP_961398.1,0.9783946,NC,Prokaryote
XP_961412.3,0.5393374,NC,Prokaryote
XP_961430.1,0.8594456,NC,Prokaryote
XP_961475.2,0.98945916,NC,Prokaryote
XP_961504.3,0.99062634,NC,Prokaryote
XP_961569.1,0.5586911,NC,Prokaryote
XP_961575.1,0.9853909,NC,Prokaryote
XP_961610.2,0.66329676,NC,Prokaryote
XP_961617.1,0.6760079,NC,Prokaryote
XP_961644.1,0.88478595,NC,Prokaryote
XP_961689.2,0.6383749,NC,Prokaryote
XP_961697.1,0.8379731,NC,Prokaryote
XP_961730.2,0.6323927,NC,Prokaryote
XP_961742.1,0.9869223,NC,Prokaryote
XP_961768.3,0.6373,NC,Prokaryote
XP_961778.1,0.9524091,NC,Prokaryote
XP_961794.1,0.9820102,NC,Prokaryote
XP_961830.3,0.7944181,NC,Prokaryote
XP_961833.1,0.5127349,NC,Prokaryote
XP_961837.1,0.56103146,NC,Prokaryote
XP_961867.2,0.52275807,NC,Prokaryote
XP_961937.1,0.5197221,NC,Prokaryote
XP_961952.2,0.9884899,NC,Prokaryote
XP_961953.1,0.9905916,NC,Prokaryote
XP_961959.3,0.9882436,NC,Prokaryote
XP_961975.1,0.88876224,NC,Prokaryote
XP_961978.1,0.98981106,NC,Prokaryote
XP_961994.1,0.9876379,NC,Prokaryote
XP_961999.3,0.9427752,NC,Prokaryote
XP_962004.1,0.97143453,NC,Prokaryote
XP_962017.1,0.92263556,NC,Prokaryote
XP_962031.2,0.98515826,NC,Prokaryote
XP_962048.1,0.90478975,NC,Prokaryote
XP_962056.1,0.9918492,NC,Prokaryote
XP_962065.2,0.9902823,NC,Prokaryote
XP_962079.3,0.9865936,NC,Prokaryote
XP_962085.1,0.991903,NC,Prokaryote
XP_962196.1,0.5744206,NC,Prokaryote
XP_962207.2,0.97707534,NC,Prokaryote
XP_962212.2,0.74826354,NC,Prokaryote
XP_962228.2,0.62552434,NC,Prokaryote
XP_962237.3,0.98970383,NC,Prokaryote
XP_962279.1,0.9544616,NC,Prokaryote
XP_962285.2,0.52473104,NC,Prokaryote
XP_962307.3,0.93975085,NC,Prokaryote
XP_962311.3,0.98823035,NC,Prokaryote
XP_962317.3,0.9900502,NC,Prokaryote
XP_962334.2,0.52651125,NC,Prokaryote
XP_962356.3,0.98731947,NC,Prokaryote
XP_962373.1,0.6270662,NC,Prokaryote
XP_962463.1,0.7304689,NC,Prokaryote
XP_962470.1,0.9919109,NC,Prokaryote
XP_962487.1,0.82708555,NC,Prokaryote
XP_962507.3,0.9887149,NC,Prokaryote
XP_962568.3,0.687666,NC,Prokaryote
XP_962586.2,0.76881427,NC,Prokaryote
XP_962598.1,0.94246864,NC,Prokaryote
XP_962599.1,0.6645084,NC,Prokaryote
XP_962605.1,0.9899742,NC,Prokaryote
XP_962611.1,0.98770905,NC,Prokaryote
XP_962628.1,0.84143764,NC,Prokaryote
XP_962630.3,0.95025617,NC,Prokaryote
XP_962646.2,0.98428124,NC,Prokaryote
XP_962670.2,0.9867079,NC,Prokaryote
XP_962712.2,0.99066037,NC,Prokaryote
XP_962723.2,0.7187203,NC,Prokaryote
XP_962724.1,0.7800032,NC,Prokaryote
XP_962740.1,0.57517934,NC,Prokaryote
XP_962763.1,0.98530084,NC,Prokaryote
XP_962765.1,0.9893255,NC,Prokaryote
XP_962780.1,0.873255,NC,Prokaryote
XP_962788.1,0.54705834,NC,Prokaryote
XP_962795.2,0.8949975,NC,Prokaryote
XP_962807.1,0.86646354,NC,Prokaryote
XP_962809.1,0.92771554,NC,Prokaryote
XP_962819.1,0.9111449,NC,Prokaryote
XP_962831.2,0.9813768,NC,Prokaryote
XP_962833.1,0.9794524,NC,Prokaryote
XP_962848.1,0.85985124,NC,Prokaryote
XP_962852.1,0.98225135,NC,Prokaryote
XP_962857.2,0.9452395,NC,Prokaryote
XP_962859.1,0.7734623,NC,Prokaryote
XP_962877.2,0.9707714,NC,Prokaryote
XP_962889.2,0.9878377,NC,Prokaryote
XP_962897.1,0.99002177,NC,Prokaryote
XP_962919.1,0.51714426,NC,Prokaryote
XP_962943.1,0.9829677,NC,Prokaryote
XP_962964.2,0.988741,NC,Prokaryote
XP_962980.1,0.94215786,NC,Prokaryote
XP_962984.2,0.61173,NC,Prokaryote
XP_962998.2,0.9906935,NC,Prokaryote
XP_963024.3,0.62969387,NC,Prokaryote
XP_963033.2,0.78501123,NC,Prokaryote
XP_963053.3,0.9872312,NC,Prokaryote
XP_963084.3,0.72092694,NC,Prokaryote
XP_963086.2,0.97084594,NC,Prokaryote
XP_963094.1,0.88547105,NC,Prokaryote
XP_963099.1,0.8383922,NC,Prokaryote
XP_963116.2,0.99163824,NC,Prokaryote
XP_963124.1,0.60998076,NC,Prokaryote
XP_963139.3,0.89291835,NC,Prokaryote
XP_963147.1,0.679204,NC,Prokaryote
XP_963149.3,0.99078476,NC,Prokaryote
XP_963162.2,0.7978643,NC,Prokaryote
XP_963180.1,0.9366777,NC,Prokaryote
XP_963196.1,0.9875113,NC,Prokaryote
XP_963205.1,0.9271987,NC,Prokaryote
XP_963206.2,0.9453164,NC,Prokaryote
XP_963212.2,0.508355,NC,Prokaryote
XP_963227.1,0.6482387,NC,Prokaryote
XP_963258.3,0.5927276,NC,Prokaryote
XP_963296.1,0.85013425,NC,Prokaryote
XP_963310.3,0.9536101,NC,Prokaryote
XP_963337.1,0.91697925,NC,Prokaryote
XP_963379.3,0.97706336,NC,Prokaryote
XP_963413.2,0.9908092,NC,Prokaryote
XP_963439.2,0.52802664,NC,Prokaryote
XP_963449.1,0.83758307,NC,Prokaryote
XP_963499.2,0.9890456,NC,Prokaryote
XP_963502.3,0.8883247,NC,Prokaryote
XP_963516.1,0.9009995,NC,Prokaryote
XP_963587.1,0.9887588,NC,Prokaryote
XP_963603.1,0.98169315,NC,Prokaryote
XP_963605.2,0.97407836,NC,Prokaryote
XP_963632.2,0.80830175,NC,Prokaryote
XP_963640.3,0.98720235,NC,Prokaryote
XP_963664.2,0.918122,NC,Prokaryote
XP_963678.1,0.9759808,NC,Prokaryote
XP_963710.1,0.6055293,NC,Prokaryote
XP_963739.1,0.9749946,NC,Prokaryote
XP_963763.3,0.96873885,NC,Prokaryote
XP_963766.1,0.9898352,NC,Prokaryote
XP_963771.1,0.98074704,NC,Prokaryote
XP_963796.3,0.98716575,NC,Prokaryote
XP_963819.3,0.99185747,NC,Prokaryote
XP_963824.1,0.5428457,NC,Prokaryote
XP_963833.3,0.9825776,NC,Prokaryote
XP_963834.2,0.81044245,NC,Prokaryote
XP_963839.1,0.642871,NC,Prokaryote
XP_963843.3,0.9822574,NC,Prokaryote
XP_963857.1,0.79538673,NC,Prokaryote
XP_963866.1,0.9439329,NC,Prokaryote
XP_963880.1,0.816083,NC,Prokaryote
XP_963922.2,0.7866793,NC,Prokaryote
XP_963929.1,0.8926534,NC,Prokaryote
XP_963943.3,0.9852486,NC,Prokaryote
XP_963957.2,0.98431486,NC,Prokaryote
XP_963974.3,0.94733363,NC,Prokaryote
XP_963984.2,0.8415616,NC,Prokaryote
XP_963992.3,0.8173773,NC,Prokaryote
XP_964010.1,0.54961944,NC,Prokaryote
XP_964016.1,0.769856,NC,Prokaryote
XP_964030.3,0.9582659,NC,Prokaryote
XP_964032.2,0.7002785,NC,Prokaryote
XP_964048.2,0.99191964,NC,Prokaryote
XP_964064.3,0.99032277,NC,Prokaryote
XP_964067.2,0.9822651,NC,Prokaryote
XP_964097.2,0.5271798,NC,Prokaryote
XP_964143.3,0.9818158,NC,Prokaryote
XP_964166.2,0.73902863,NC,Prokaryote
XP_964170.2,0.9902063,NC,Prokaryote
XP_964215.2,0.5216756,NC,Prokaryote
XP_964228.1,0.94105506,NC,Prokaryote
XP_964238.1,0.7784014,NC,Prokaryote
XP_964243.3,0.98818856,NC,Prokaryote
XP_964252.1,0.95676225,NC,Prokaryote
XP_964288.2,0.66363513,NC,Prokaryote
XP_964300.1,0.9918317,NC,Prokaryote
XP_964313.2,0.9863993,NC,Prokaryote
XP_964348.1,0.982173,NC,Prokaryote
XP_964376.2,0.86859244,NC,Prokaryote
XP_964393.1,0.91309,NC,Prokaryote
XP_964402.1,0.89239144,NC,Prokaryote
XP_964419.1,0.9905911,NC,Prokaryote
XP_964423.2,0.8841471,NC,Prokaryote
XP_964441.1,0.79890263,NC,Prokaryote
XP_964445.1,0.6740387,NC,Prokaryote
XP_964461.1,0.7165131,NC,Prokaryote
XP_964484.1,0.98755753,NC,Prokaryote
XP_964485.1,0.978609,NC,Prokaryote
XP_964497.1,0.9902602,NC,Prokaryote
XP_964528.1,0.9546085,NC,Prokaryote
XP_964531.2,0.9873585,NC,Prokaryote
XP_964578.1,0.8263566,NC,Prokaryote
XP_964584.2,0.9467413,NC,Prokaryote
XP_964590.1,0.9898106,NC,Prokaryote
XP_964605.1,0.52500826,NC,Prokaryote
XP_964610.1,0.7030841,NC,Prokaryote
XP_964617.1,0.7616887,NC,Prokaryote
XP_964620.1,0.9128151,NC,Prokaryote
XP_964655.1,0.95169866,NC,Prokaryote
XP_964671.1,0.849451,NC,Prokaryote
XP_964687.1,0.984159,NC,Prokaryote
XP_964706.1,0.7705287,NC,Prokaryote
XP_964717.2,0.5687707,NC,Prokaryote
XP_964752.3,0.9834446,NC,Prokaryote
XP_964755.2,0.95690805,NC,Prokaryote
XP_964760.1,0.87425536,NC,Prokaryote
XP_964787.1,0.9219271,NC,Prokaryote
XP_964818.2,0.9563523,NC,Prokaryote
XP_964822.1,0.9130403,NC,Prokaryote
XP_964836.1,0.84895253,NC,Prokaryote
XP_964842.1,0.98876184,NC,Prokaryote
XP_964856.1,0.77920645,NC,Prokaryote
XP_964864.1,0.9574476,NC,Prokaryote
XP_964871.1,0.5227436,NC,Prokaryote
XP_964877.2,0.9885296,NC,Prokaryote
XP_964882.2,0.9749887,NC,Prokaryote
XP_964895.1,0.8892072,NC,Prokaryote
XP_964898.1,0.80718017,NC,Prokaryote
XP_964904.2,0.8122749,NC,Prokaryote
XP_964921.2,0.5168731,NC,Prokaryote
XP_964965.1,0.8290914,NC,Prokaryote
XP_964972.1,0.8885114,NC,Prokaryote
XP_965008.1,0.9877971,NC,Prokaryote
XP_965015.2,0.988684,NC,Prokaryote
XP_965024.1,0.985449,NC,Prokaryote
XP_965043.2,0.9727174,NC,Prokaryote
XP_965055.1,0.59851664,NC,Prokaryote
XP_965067.3,0.69256866,NC,Prokaryote
XP_965093.1,0.84845746,NC,Prokaryote
XP_965097.1,0.9918337,NC,Prokaryote
XP_965110.1,0.94723064,NC,Prokaryote
XP_965116.2,0.7758518,NC,Prokaryote
XP_965124.3,0.9829296,NC,Prokaryote
XP_965138.2,0.9898056,NC,Prokaryote
XP_965143.2,0.59229535,NC,Prokaryote
XP_965160.1,0.98699075,NC,Prokaryote
XP_965169.1,0.87584895,NC,Prokaryote
XP_965173.1,0.784279,NC,Prokaryote
XP_965186.2,0.96929586,NC,Prokaryote
XP_965194.3,0.90509385,NC,Prokaryote
XP_965199.1,0.7754188,NC,Prokaryote
XP_965205.3,0.75090367,NC,Prokaryote
XP_965250.1,0.5470314,NC,Prokaryote
XP_965252.1,0.84725565,NC,Prokaryote
XP_965263.2,0.9760251,NC,Prokaryote
XP_965268.1,0.9793915,NC,Prokaryote
XP_965279.2,0.67171174,NC,Prokaryote
XP_965287.2,0.73104084,NC,Prokaryote
XP_965312.1,0.514476,NC,Prokaryote
XP_965325.2,0.58134836,NC,Prokaryote
XP_965377.1,0.97877526,NC,Prokaryote
XP_965380.2,0.9807973,NC,Prokaryote
XP_965419.1,0.9869763,NC,Prokaryote
XP_965439.3,0.99075764,NC,Prokaryote
XP_965443.3,0.8579874,NC,Prokaryote
XP_965444.2,0.9914684,NC,Prokaryote
XP_965472.3,0.99122846,NC,Prokaryote
XP_965483.1,0.67618734,NC,Prokaryote
XP_965484.1,0.9895064,NC,Prokaryote
XP_965486.1,0.9663848,NC,Prokaryote
XP_965487.3,0.98819065,NC,Prokaryote
XP_965493.3,0.9668989,NC,Prokaryote
XP_965496.3,0.68201077,NC,Prokaryote
XP_965517.1,0.9889425,NC,Prokaryote
XP_965539.1,0.9088754,NC,Prokaryote
XP_965541.2,0.95871395,NC,Prokaryote
XP_965557.3,0.661485,NC,Prokaryote
XP_965568.2,0.6279154,NC,Prokaryote
XP_965571.1,0.81039745,NC,Prokaryote
XP_965578.1,0.98991126,NC,Prokaryote
XP_965616.1,0.99078673,NC,Prokaryote
XP_965655.1,0.98023075,NC,Prokaryote
XP_965656.1,0.98763716,NC,Prokaryote
XP_965671.3,0.6736447,NC,Prokaryote
XP_965679.1,0.8413862,NC,Prokaryote
XP_965689.3,0.9816024,NC,Prokaryote
XP_965694.1,0.98966295,NC,Prokaryote
XP_965735.3,0.87957937,NC,Prokaryote
XP_965827.2,0.5569327,NC,Prokaryote
XP_647835.1,0.8817224,AN,Prokaryote
XP_657608.1,0.83256495,AN,Prokaryote
XP_657630.1,0.97294474,AN,Prokaryote
XP_657637.1,0.9699019,AN,Prokaryote
XP_657641.1,0.521914,AN,Prokaryote
XP_657648.1,0.97844523,AN,Prokaryote
XP_657649.1,0.88275266,AN,Prokaryote
XP_657668.1,0.7581735,AN,Prokaryote
XP_657675.1,0.9859402,AN,Prokaryote
XP_657682.1,0.9425019,AN,Prokaryote
XP_657694.1,0.92113906,AN,Prokaryote
XP_657700.1,0.97538495,AN,Prokaryote
XP_657703.1,0.7475421,AN,Prokaryote
XP_657711.1,0.7955987,AN,Prokaryote
XP_657717.1,0.6547442,AN,Prokaryote
XP_657722.1,0.94314957,AN,Prokaryote
XP_657749.1,0.88135004,AN,Prokaryote
XP_657752.1,0.98954695,AN,Prokaryote
XP_657763.1,0.9595138,AN,Prokaryote
XP_657780.1,0.99142694,AN,Prokaryote
XP_657806.1,0.98318267,AN,Prokaryote
XP_657827.1,0.99180424,AN,Prokaryote
XP_657840.1,0.81811327,AN,Prokaryote
XP_657867.1,0.9712398,AN,Prokaryote
XP_657883.1,0.9906483,AN,Prokaryote
XP_657890.1,0.9559438,AN,Prokaryote
XP_657902.1,0.7759004,AN,Prokaryote
XP_657937.1,0.83805776,AN,Prokaryote
XP_657945.1,0.9808595,AN,Prokaryote
XP_657952.1,0.96016014,AN,Prokaryote
XP_657959.1,0.985918,AN,Prokaryote
XP_657972.1,0.7563397,AN,Prokaryote
XP_657992.1,0.98916745,AN,Prokaryote
XP_657995.1,0.6801305,AN,Prokaryote
XP_658000.1,0.9840851,AN,Prokaryote
XP_658013.1,0.86867243,AN,Prokaryote
XP_658016.1,0.98410493,AN,Prokaryote
XP_658017.1,0.7498915,AN,Prokaryote
XP_658026.1,0.9907934,AN,Prokaryote
XP_658048.1,0.9138435,AN,Prokaryote
XP_658050.1,0.9360095,AN,Prokaryote
XP_658057.1,0.8647371,AN,Prokaryote
XP_658090.1,0.9620824,AN,Prokaryote
XP_658100.1,0.97452164,AN,Prokaryote
XP_658120.1,0.9716015,AN,Prokaryote
XP_658137.1,0.9866442,AN,Prokaryote
XP_658157.1,0.84789604,AN,Prokaryote
XP_658169.1,0.97910315,AN,Prokaryote
XP_658172.1,0.92317736,AN,Prokaryote
XP_658177.1,0.5527998,AN,Prokaryote
XP_658182.1,0.99184966,AN,Prokaryote
XP_658189.1,0.99170023,AN,Prokaryote
XP_658223.1,0.9886087,AN,Prokaryote
XP_658228.1,0.53694177,AN,Prokaryote
XP_658243.1,0.91358155,AN,Prokaryote
XP_658246.1,0.9851088,AN,Prokaryote
XP_658268.1,0.7096999,AN,Prokaryote
XP_658273.1,0.98977846,AN,Prokaryote
XP_658282.1,0.95769614,AN,Prokaryote
XP_658284.1,0.9790806,AN,Prokaryote
XP_658287.1,0.9905997,AN,Prokaryote
XP_658293.1,0.97555554,AN,Prokaryote
XP_658313.1,0.7003156,AN,Prokaryote
XP_658337.1,0.63030964,AN,Prokaryote
XP_658342.1,0.9918132,AN,Prokaryote
XP_658370.1,0.94723904,AN,Prokaryote
XP_658376.1,0.98861814,AN,Prokaryote
XP_658418.1,0.7646136,AN,Prokaryote
XP_658421.1,0.9850102,AN,Prokaryote
XP_658430.1,0.9880449,AN,Prokaryote
XP_658439.1,0.9903313,AN,Prokaryote
XP_658457.1,0.9832296,AN,Prokaryote
XP_658458.1,0.8557791,AN,Prokaryote
XP_658467.1,0.9907539,AN,Prokaryote
XP_658481.1,0.98814094,AN,Prokaryote
XP_658489.1,0.99075806,AN,Prokaryote
XP_658495.1,0.985859,AN,Prokaryote
XP_658502.1,0.75523776,AN,Prokaryote
XP_658503.1,0.9823068,AN,Prokaryote
XP_658506.1,0.9441261,AN,Prokaryote
XP_658532.1,0.9818617,AN,Prokaryote
XP_658541.1,0.9844535,AN,Prokaryote
XP_658555.1,0.98281604,AN,Prokaryote
XP_658577.1,0.9919045,AN,Prokaryote
XP_658579.1,0.98872316,AN,Prokaryote
XP_658590.1,0.9837044,AN,Prokaryote
XP_658605.1,0.8919393,AN,Prokaryote
XP_658614.1,0.9564208,AN,Prokaryote
XP_658629.1,0.98634446,AN,Prokaryote
XP_658630.1,0.5344508,AN,Prokaryote
XP_658633.1,0.9900919,AN,Prokaryote
XP_658642.1,0.8877626,AN,Prokaryote
XP_658643.1,0.8626131,AN,Prokaryote
XP_658657.1,0.945716,AN,Prokaryote
XP_658664.1,0.76991946,AN,Prokaryote
XP_658684.1,0.776465,AN,Prokaryote
XP_658718.1,0.9918031,AN,Prokaryote
XP_658733.1,0.78599435,AN,Prokaryote
XP_658738.1,0.9891868,AN,Prokaryote
XP_658760.1,0.56207883,AN,Prokaryote
XP_658821.1,0.99138755,AN,Prokaryote
XP_658823.1,0.8346009,AN,Prokaryote
XP_658836.1,0.98364496,AN,Prokaryote
XP_658858.1,0.89941347,AN,Prokaryote
XP_658869.1,0.9912015,AN,Prokaryote
XP_658925.1,0.67788017,AN,Prokaryote
XP_658931.1,0.97441894,AN,Prokaryote
XP_658966.1,0.97613674,AN,Prokaryote
XP_658972.1,0.9918933,AN,Prokaryote
XP_659006.1,0.99075097,AN,Prokaryote
XP_659010.1,0.9907222,AN,Prokaryote
XP_659018.1,0.97355676,AN,Prokaryote
XP_659025.1,0.9898677,AN,Prokaryote
XP_659041.1,0.98364854,AN,Prokaryote
XP_659042.1,0.95355624,AN,Prokaryote
XP_659052.1,0.95304775,AN,Prokaryote
XP_659057.1,0.74938804,AN,Prokaryote
XP_659104.1,0.9825957,AN,Prokaryote
XP_659122.1,0.7788842,AN,Prokaryote
XP_659140.1,0.7971038,AN,Prokaryote
XP_659159.1,0.85645705,AN,Prokaryote
XP_659201.1,0.8908516,AN,Prokaryote
XP_659203.1,0.98898226,AN,Prokaryote
XP_659226.1,0.5964487,AN,Prokaryote
XP_659233.1,0.8323845,AN,Prokaryote
XP_659245.1,0.9885705,AN,Prokaryote
XP_659256.1,0.99174845,AN,Prokaryote
XP_659282.1,0.99066705,AN,Prokaryote
XP_659290.1,0.79244995,AN,Prokaryote
XP_659313.1,0.9522272,AN,Prokaryote
XP_659324.1,0.951258,AN,Prokaryote
XP_659333.1,0.98666453,AN,Prokaryote
XP_659340.1,0.9888131,AN,Prokaryote
XP_659360.1,0.93762445,AN,Prokaryote
XP_659372.1,0.69922453,AN,Prokaryote
XP_659375.1,0.98239523,AN,Prokaryote
XP_659381.1,0.92220455,AN,Prokaryote
XP_659383.1,0.67765355,AN,Prokaryote
XP_659416.1,0.9738273,AN,Prokaryote
XP_659424.1,0.9856237,AN,Prokaryote
XP_659428.1,0.98572737,AN,Prokaryote
XP_659433.1,0.99064344,AN,Prokaryote
XP_659452.1,0.9867569,AN,Prokaryote
XP_659509.1,0.91701186,AN,Prokaryote
XP_659518.1,0.68164605,AN,Prokaryote
XP_659531.1,0.9906696,AN,Prokaryote
XP_659548.1,0.5030209,AN,Prokaryote
XP_659552.1,0.514035,AN,Prokaryote
XP_659559.1,0.9743066,AN,Prokaryote
XP_659563.1,0.819096,AN,Prokaryote
XP_659588.1,0.67730683,AN,Prokaryote
XP_659601.1,0.99130684,AN,Prokaryote
XP_659613.1,0.9808826,AN,Prokaryote
XP_659620.1,0.9900205,AN,Prokaryote
XP_659624.1,0.99168956,AN,Prokaryote
XP_659631.1,0.69908,AN,Prokaryote
XP_659640.1,0.98936313,AN,Prokaryote
XP_659674.1,0.81992304,AN,Prokaryote
XP_659686.1,0.7807647,AN,Prokaryote
XP_659693.1,0.65525365,AN,Prokaryote
XP_659705.1,0.95526046,AN,Prokaryote
XP_659717.1,0.9552934,AN,Prokaryote
XP_659726.1,0.9810038,AN,Prokaryote
XP_659729.1,0.87196493,AN,Prokaryote
XP_659740.1,0.9855078,AN,Prokaryote
XP_659755.1,0.58102655,AN,Prokaryote
XP_659764.1,0.87875503,AN,Prokaryote
XP_659772.1,0.98596,AN,Prokaryote
XP_659773.1,0.76570195,AN,Prokaryote
XP_659775.1,0.5115912,AN,Prokaryote
XP_659785.1,0.8988309,AN,Prokaryote
XP_659786.1,0.67463446,AN,Prokaryote
XP_659815.1,0.840617,AN,Prokaryote
XP_659819.1,0.80364805,AN,Prokaryote
XP_659851.1,0.98561263,AN,Prokaryote
XP_659858.1,0.73473614,AN,Prokaryote
XP_659874.1,0.97539,AN,Prokaryote
XP_659878.1,0.69839865,AN,Prokaryote
XP_659894.1,0.989652,AN,Prokaryote
XP_659895.1,0.99052715,AN,Prokaryote
XP_659928.1,0.8968325,AN,Prokaryote
XP_659958.1,0.9883704,AN,Prokaryote
XP_659986.1,0.99114436,AN,Prokaryote
XP_659996.1,0.9825044,AN,Prokaryote
XP_660025.1,0.99189645,AN,Prokaryote
XP_660030.1,0.74830985,AN,Prokaryote
XP_660037.1,0.9088262,AN,Prokaryote
XP_660063.1,0.7962312,AN,Prokaryote
XP_660185.1,0.5276278,AN,Prokaryote
XP_660201.1,0.9898335,AN,Prokaryote
XP_660219.1,0.9903645,AN,Prokaryote
XP_660248.1,0.989551,AN,Prokaryote
XP_660274.1,0.9757284,AN,Prokaryote
XP_660318.1,0.855006,AN,Prokaryote
XP_660322.1,0.9915188,AN,Prokaryote
XP_660328.1,0.97758406,AN,Prokaryote
XP_660336.1,0.99003285,AN,Prokaryote
XP_660349.1,0.74002236,AN,Prokaryote
XP_660351.1,0.98854744,AN,Prokaryote
XP_660352.1,0.9902146,AN,Prokaryote
XP_660359.1,0.9890717,AN,Prokaryote
XP_660362.1,0.5283818,AN,Prokaryote
XP_660370.1,0.7863236,AN,Prokaryote
XP_660374.1,0.85417557,AN,Prokaryote
XP_660375.1,0.6840474,AN,Prokaryote
XP_660384.1,0.9465166,AN,Prokaryote
XP_660389.1,0.9865025,AN,Prokaryote
XP_660430.1,0.9916044,AN,Prokaryote
XP_660443.1,0.980699,AN,Prokaryote
XP_660453.1,0.63096654,AN,Prokaryote
XP_660456.1,0.98438936,AN,Prokaryote
XP_660458.1,0.9869265,AN,Prokaryote
XP_660459.1,0.98950815,AN,Prokaryote
XP_660476.1,0.9674518,AN,Prokaryote
XP_660489.1,0.94985765,AN,Prokaryote
XP_660515.1,0.8951007,AN,Prokaryote
XP_660523.1,0.96041244,AN,Prokaryote
XP_660541.1,0.8129097,AN,Prokaryote
XP_660545.1,0.9331256,AN,Prokaryote
XP_660548.1,0.9905962,AN,Prokaryote
XP_660549.1,0.74732417,AN,Prokaryote
XP_660583.1,0.7618903,AN,Prokaryote
XP_660588.1,0.98158216,AN,Prokaryote
XP_660632.1,0.9523615,AN,Prokaryote
XP_660643.1,0.50412256,AN,Prokaryote
XP_660644.1,0.95007443,AN,Prokaryote
XP_660651.1,0.99052244,AN,Prokaryote
XP_660652.1,0.9880881,AN,Prokaryote
XP_660654.1,0.968702,AN,Prokaryote
XP_660660.1,0.7187187,AN,Prokaryote
XP_660679.1,0.99019414,AN,Prokaryote
XP_660693.1,0.92312056,AN,Prokaryote
XP_660703.1,0.9306754,AN,Prokaryote
XP_660720.1,0.99022806,AN,Prokaryote
XP_660724.1,0.9336076,AN,Prokaryote
XP_660748.1,0.98717725,AN,Prokaryote
XP_660749.1,0.9605622,AN,Prokaryote
XP_660778.1,0.5691954,AN,Prokaryote
XP_660787.1,0.7693686,AN,Prokaryote
XP_660793.1,0.98511213,AN,Prokaryote
XP_660817.1,0.98426926,AN,Prokaryote
XP_660821.1,0.9907476,AN,Prokaryote
XP_660873.1,0.9896226,AN,Prokaryote
XP_660894.1,0.9899093,AN,Prokaryote
XP_660973.1,0.97490394,AN,Prokaryote
XP_660989.1,0.99168944,AN,Prokaryote
XP_660995.1,0.9878207,AN,Prokaryote
XP_661037.1,0.9918269,AN,Prokaryote
XP_661040.1,0.9858744,AN,Prokaryote
XP_661041.1,0.9837262,AN,Prokaryote
XP_661042.1,0.9702103,AN,Prokaryote
XP_661062.1,0.8265105,AN,Prokaryote
XP_661064.1,0.88789374,AN,Prokaryote
XP_661072.1,0.9372716,AN,Prokaryote
XP_661082.1,0.9889149,AN,Prokaryote
XP_661096.1,0.9913794,AN,Prokaryote
XP_661104.1,0.5893743,AN,Prokaryote
XP_661105.1,0.9697785,AN,Prokaryote
XP_661106.1,0.9879389,AN,Prokaryote
XP_661110.1,0.99026185,AN,Prokaryote
XP_661122.1,0.9643249,AN,Prokaryote
XP_661131.1,0.7208248,AN,Prokaryote
XP_661182.1,0.8681071,AN,Prokaryote
XP_661198.1,0.9253141,AN,Prokaryote
XP_661211.1,0.99183136,AN,Prokaryote
XP_661241.1,0.98776686,AN,Prokaryote
XP_661253.1,0.6607351,AN,Prokaryote
XP_661254.1,0.9906081,AN,Prokaryote
XP_661271.1,0.9865993,AN,Prokaryote
XP_661272.1,0.9630545,AN,Prokaryote
XP_661279.1,0.7659995,AN,Prokaryote
XP_661287.1,0.9907877,AN,Prokaryote
XP_661288.1,0.99009925,AN,Prokaryote
XP_661292.1,0.9906557,AN,Prokaryote
XP_661347.1,0.93761027,AN,Prokaryote
XP_661354.1,0.8441426,AN,Prokaryote
XP_661364.1,0.9888803,AN,Prokaryote
XP_661372.1,0.97747076,AN,Prokaryote
XP_661388.1,0.96367,AN,Prokaryote
XP_661399.1,0.9269596,AN,Prokaryote
XP_661419.1,0.8528262,AN,Prokaryote
XP_661439.1,0.98982084,AN,Prokaryote
XP_661448.1,0.9826323,AN,Prokaryote
XP_661472.1,0.95217234,AN,Prokaryote
XP_661483.1,0.97170055,AN,Prokaryote
XP_661503.1,0.9808467,AN,Prokaryote
XP_661504.1,0.99064964,AN,Prokaryote
XP_661510.1,0.5986186,AN,Prokaryote
XP_661511.1,0.7849086,AN,Prokaryote
XP_661515.1,0.98592955,AN,Prokaryote
XP_661516.1,0.9785438,AN,Prokaryote
XP_661528.1,0.85539883,AN,Prokaryote
XP_661545.1,0.51624405,AN,Prokaryote
XP_661549.1,0.9869038,AN,Prokaryote
XP_661560.1,0.9785265,AN,Prokaryote
XP_661585.1,0.874638,AN,Prokaryote
XP_661590.1,0.97994745,AN,Prokaryote
XP_661606.1,0.87651134,AN,Prokaryote
XP_661617.1,0.9712228,AN,Prokaryote
XP_661625.1,0.9804468,AN,Prokaryote
XP_661630.1,0.98115414,AN,Prokaryote
XP_661631.1,0.6053758,AN,Prokaryote
XP_661634.1,0.5860296,AN,Prokaryote
XP_661638.1,0.9857841,AN,Prokaryote
XP_661639.1,0.99071234,AN,Prokaryote
XP_661667.1,0.8166043,AN,Prokaryote
XP_661681.1,0.9911233,AN,Prokaryote
XP_661700.1,0.99036926,AN,Prokaryote
XP_661722.1,0.9859664,AN,Prokaryote
XP_661727.1,0.9893594,AN,Prokaryote
XP_661738.1,0.9697697,AN,Prokaryote
XP_661740.1,0.9865492,AN,Prokaryote
XP_661765.1,0.6012064,AN,Prokaryote
XP_661773.1,0.74680966,AN,Prokaryote
XP_661779.1,0.9893092,AN,Prokaryote
XP_661795.1,0.96646625,AN,Prokaryote
XP_661814.1,0.9741998,AN,Prokaryote
XP_661818.1,0.7639196,AN,Prokaryote
XP_661833.1,0.9023884,AN,Prokaryote
XP_661851.1,0.9884017,AN,Prokaryote
XP_661867.1,0.9882295,AN,Prokaryote
XP_661873.1,0.9463316,AN,Prokaryote
XP_661902.1,0.8453014,AN,Prokaryote
XP_661925.1,0.98271865,AN,Prokaryote
XP_661928.1,0.9860518,AN,Prokaryote
XP_661938.1,0.988913,AN,Prokaryote
XP_661939.1,0.99082786,AN,Prokaryote
XP_661953.1,0.66534704,AN,Prokaryote
XP_661954.1,0.5318452,AN,Prokaryote
XP_661961.1,0.9858683,AN,Prokaryote
XP_661962.1,0.6325969,AN,Prokaryote
XP_661965.1,0.9735994,AN,Prokaryote
XP_661987.1,0.9787991,AN,Prokaryote
XP_661995.1,0.9882953,AN,Prokaryote
XP_661998.1,0.98788106,AN,Prokaryote
XP_662022.1,0.7899949,AN,Prokaryote
XP_662048.1,0.88928854,AN,Prokaryote
XP_662076.1,0.9828902,AN,Prokaryote
XP_662089.1,0.9753441,AN,Prokaryote
XP_662090.1,0.9906364,AN,Prokaryote
XP_662093.1,0.98991185,AN,Prokaryote
XP_662113.1,0.9495931,AN,Prokaryote
XP_662131.1,0.84200245,AN,Prokaryote
XP_662146.1,0.9635619,AN,Prokaryote
XP_662148.1,0.96771944,AN,Prokaryote
XP_662162.1,0.99075854,AN,Prokaryote
XP_662166.1,0.99005693,AN,Prokaryote
XP_662175.1,0.8928387,AN,Prokaryote
XP_662190.1,0.9883016,AN,Prokaryote
XP_662210.1,0.98820865,AN,Prokaryote
XP_662216.1,0.8185284,AN,Prokaryote
XP_662222.1,0.98702747,AN,Prokaryote
XP_662226.1,0.98707354,AN,Prokaryote
XP_662228.1,0.87180173,AN,Prokaryote
XP_662230.1,0.98399425,AN,Prokaryote
XP_662243.1,0.79995376,AN,Prokaryote
XP_662251.1,0.9709925,AN,Prokaryote
XP_662254.1,0.83410954,AN,Prokaryote
XP_662258.1,0.9591188,AN,Prokaryote
XP_662261.1,0.8350442,AN,Prokaryote
XP_662264.1,0.9486428,AN,Prokaryote
XP_662280.1,0.75859815,AN,Prokaryote
XP_662296.1,0.5007426,AN,Prokaryote
XP_662303.1,0.65041786,AN,Prokaryote
XP_662309.1,0.7977764,AN,Prokaryote
XP_662324.1,0.991508,AN,Prokaryote
XP_662348.1,0.99044704,AN,Prokaryote
XP_662368.1,0.6914728,AN,Prokaryote
XP_662401.1,0.9783685,AN,Prokaryote
XP_662408.1,0.8970634,AN,Prokaryote
XP_662412.1,0.7099906,AN,Prokaryote
XP_662432.1,0.91770124,AN,Prokaryote
XP_662454.1,0.8847044,AN,Prokaryote
XP_662474.1,0.77253777,AN,Prokaryote
XP_662477.1,0.9905737,AN,Prokaryote
XP_662481.1,0.9880713,AN,Prokaryote
XP_662491.1,0.6591653,AN,Prokaryote
XP_662498.1,0.96962166,AN,Prokaryote
XP_662503.1,0.6041763,AN,Prokaryote
XP_662504.1,0.98939717,AN,Prokaryote
XP_662537.1,0.9892107,AN,Prokaryote
XP_662556.1,0.97885877,AN,Prokaryote
XP_662564.1,0.9237944,AN,Prokaryote
XP_662576.1,0.99067515,AN,Prokaryote
XP_662580.1,0.9917568,AN,Prokaryote
XP_662584.1,0.94566613,AN,Prokaryote
XP_662585.1,0.5595743,AN,Prokaryote
XP_662589.1,0.96038777,AN,Prokaryote
XP_662607.1,0.9907323,AN,Prokaryote
XP_662616.1,0.9327132,AN,Prokaryote
XP_662630.1,0.7500321,AN,Prokaryote
XP_662644.1,0.9878571,AN,Prokaryote
XP_662652.1,0.9904289,AN,Prokaryote
XP_662674.1,0.94032496,AN,Prokaryote
XP_662675.1,0.65533376,AN,Prokaryote
XP_662682.1,0.9842904,AN,Prokaryote
XP_662698.1,0.83304834,AN,Prokaryote
XP_662728.1,0.89163435,AN,Prokaryote
XP_662759.1,0.96478146,AN,Prokaryote
XP_662774.1,0.9904385,AN,Prokaryote
XP_662776.1,0.6474434,AN,Prokaryote
XP_662801.1,0.5676294,AN,Prokaryote
XP_662805.1,0.84778905,AN,Prokaryote
XP_662822.1,0.9725714,AN,Prokaryote
XP_662824.1,0.9902458,AN,Prokaryote
XP_662833.1,0.9353574,AN,Prokaryote
XP_662837.1,0.5351559,AN,Prokaryote
XP_662851.1,0.94732654,AN,Prokaryote
XP_662883.1,0.6430948,AN,Prokaryote
XP_662897.1,0.65179294,AN,Prokaryote
XP_662903.1,0.9714579,AN,Prokaryote
XP_662910.1,0.96157014,AN,Prokaryote
XP_662938.1,0.9898038,AN,Prokaryote
XP_662944.1,0.92328405,AN,Prokaryote
XP_662962.1,0.93432117,AN,Prokaryote
XP_662994.1,0.9738781,AN,Prokaryote
XP_663016.1,0.9803602,AN,Prokaryote
XP_663035.1,0.9870134,AN,Prokaryote
XP_663040.1,0.69119036,AN,Prokaryote
XP_663041.1,0.9447277,AN,Prokaryote
XP_663043.1,0.98345333,AN,Prokaryote
XP_663077.1,0.74068326,AN,Prokaryote
XP_663080.1,0.91727585,AN,Prokaryote
XP_663085.1,0.8661097,AN,Prokaryote
XP_663089.1,0.543997,AN,Prokaryote
XP_663093.1,0.98649675,AN,Prokaryote
XP_663103.1,0.767084,AN,Prokaryote
XP_663120.1,0.98233473,AN,Prokaryote
XP_663137.1,0.9917965,AN,Prokaryote
XP_663150.1,0.86288923,AN,Prokaryote
XP_663156.1,0.6305842,AN,Prokaryote
XP_663159.1,0.77612835,AN,Prokaryote
XP_663164.1,0.78757066,AN,Prokaryote
XP_663166.1,0.97411114,AN,Prokaryote
XP_663174.1,0.60800666,AN,Prokaryote
XP_663196.1,0.61212486,AN,Prokaryote
XP_663198.1,0.9723389,AN,Prokaryote
XP_663207.1,0.6547937,AN,Prokaryote
XP_663213.1,0.98878956,AN,Prokaryote
XP_663224.1,0.81976455,AN,Prokaryote
XP_663244.1,0.9461826,AN,Prokaryote
XP_663253.1,0.65806764,AN,Prokaryote
XP_663255.1,0.7459125,AN,Prokaryote
XP_663263.1,0.75158376,AN,Prokaryote
XP_663330.1,0.9915767,AN,Prokaryote
XP_663343.1,0.8187432,AN,Prokaryote
XP_663347.1,0.8129124,AN,Prokaryote
XP_663354.1,0.87735015,AN,Prokaryote
XP_663379.1,0.9916108,AN,Prokaryote
XP_663391.1,0.92903847,AN,Prokaryote
XP_663398.1,0.5234645,AN,Prokaryote
XP_663399.1,0.98087436,AN,Prokaryote
XP_663401.1,0.9735893,AN,Prokaryote
XP_663412.1,0.99022233,AN,Prokaryote
XP_663433.1,0.9620396,AN,Prokaryote
XP_663440.1,0.71737367,AN,Prokaryote
XP_663453.1,0.98672557,AN,Prokaryote
XP_663455.1,0.6412133,AN,Prokaryote
XP_663463.1,0.9790871,AN,Prokaryote
XP_663474.1,0.9842854,AN,Prokaryote
XP_663495.1,0.78636533,AN,Prokaryote
XP_663528.1,0.990338,AN,Prokaryote
XP_663533.1,0.98269755,AN,Prokaryote
XP_663567.1,0.9434047,AN,Prokaryote
XP_663570.1,0.99171716,AN,Prokaryote
XP_663585.1,0.90625423,AN,Prokaryote
XP_663592.1,0.9728591,AN,Prokaryote
XP_663616.1,0.8600693,AN,Prokaryote
XP_663664.1,0.8756148,AN,Prokaryote
XP_663665.1,0.9005688,AN,Prokaryote
XP_663666.1,0.99041337,AN,Prokaryote
XP_663669.1,0.9450777,AN,Prokaryote
XP_663684.1,0.71387815,AN,Prokaryote
XP_663708.1,0.90905166,AN,Prokaryote
XP_663751.1,0.862328,AN,Prokaryote
XP_663754.1,0.9738479,AN,Prokaryote
XP_663764.1,0.58354163,AN,Prokaryote
XP_663777.1,0.9706123,AN,Prokaryote
XP_663778.1,0.951185,AN,Prokaryote
XP_663782.1,0.89906275,AN,Prokaryote
XP_663791.1,0.7243446,AN,Prokaryote
XP_663796.1,0.544897,AN,Prokaryote
XP_663799.1,0.9801819,AN,Prokaryote
XP_663822.1,0.97654665,AN,Prokaryote
XP_663825.1,0.98664397,AN,Prokaryote
XP_663832.1,0.5570745,AN,Prokaryote
XP_663845.1,0.80184907,AN,Prokaryote
XP_663851.1,0.5491395,AN,Prokaryote
XP_663856.1,0.9262034,AN,Prokaryote
XP_663865.1,0.9218785,AN,Prokaryote
XP_663866.1,0.9270639,AN,Prokaryote
XP_663884.1,0.8273526,AN,Prokaryote
XP_663897.1,0.9643988,AN,Prokaryote
XP_663908.1,0.99011314,AN,Prokaryote
XP_663912.1,0.971626,AN,Prokaryote
XP_663920.1,0.62126625,AN,Prokaryote
XP_663946.1,0.7998269,AN,Prokaryote
XP_663947.1,0.5012471,AN,Prokaryote
XP_663996.1,0.9717953,AN,Prokaryote
XP_664000.1,0.99067533,AN,Prokaryote
XP_664050.1,0.7878938,AN,Prokaryote
XP_664084.1,0.6508602,AN,Prokaryote
XP_664096.1,0.9839485,AN,Prokaryote
XP_664107.1,0.99188715,AN,Prokaryote
XP_664155.1,0.93663514,AN,Prokaryote
XP_664162.1,0.9826789,AN,Prokaryote
XP_664163.1,0.9882953,AN,Prokaryote
XP_664164.1,0.5234569,AN,Prokaryote
XP_664173.1,0.9685126,AN,Prokaryote
XP_664187.1,0.5592294,AN,Prokaryote
XP_664219.1,0.757743,AN,Prokaryote
XP_664221.1,0.9821463,AN,Prokaryote
XP_664222.1,0.66068923,AN,Prokaryote
XP_664229.1,0.69080687,AN,Prokaryote
XP_664238.1,0.6931679,AN,Prokaryote
XP_664250.1,0.988054,AN,Prokaryote
XP_664271.1,0.98836786,AN,Prokaryote
XP_664279.1,0.5538942,AN,Prokaryote
XP_664291.1,0.98785514,AN,Prokaryote
XP_664351.1,0.9906459,AN,Prokaryote
XP_664366.1,0.9622427,AN,Prokaryote
XP_664392.1,0.9905453,AN,Prokaryote
XP_664394.1,0.9061349,AN,Prokaryote
XP_664404.1,0.8409467,AN,Prokaryote
XP_664432.1,0.98759824,AN,Prokaryote
XP_664436.1,0.9891199,AN,Prokaryote
XP_664441.1,0.9883046,AN,Prokaryote
XP_664450.1,0.99034065,AN,Prokaryote
XP_664453.1,0.99178934,AN,Prokaryote
XP_664484.1,0.8260948,AN,Prokaryote
XP_664493.1,0.98785585,AN,Prokaryote
XP_664503.1,0.94875395,AN,Prokaryote
XP_664523.1,0.8765599,AN,Prokaryote
XP_664581.1,0.9204228,AN,Prokaryote
XP_664591.1,0.51606,AN,Prokaryote
XP_664602.1,0.99182606,AN,Prokaryote
XP_664606.1,0.61882204,AN,Prokaryote
XP_664619.1,0.98001957,AN,Prokaryote
XP_664654.1,0.9907952,AN,Prokaryote
XP_664665.1,0.9902935,AN,Prokaryote
XP_664677.1,0.9918303,AN,Prokaryote
XP_664682.1,0.9262381,AN,Prokaryote
XP_664722.1,0.9842896,AN,Prokaryote
XP_664767.1,0.97806156,AN,Prokaryote
XP_664774.1,0.77369666,AN,Prokaryote
XP_664778.1,0.9801675,AN,Prokaryote
XP_664793.1,0.9907307,AN,Prokaryote
XP_680478.1,0.9694063,AN,Prokaryote
XP_680492.1,0.98070633,AN,Prokaryote
XP_680526.1,0.97077245,AN,Prokaryote
XP_680545.1,0.5411382,AN,Prokaryote
XP_680549.1,0.6154992,AN,Prokaryote
XP_680566.1,0.54526764,AN,Prokaryote
XP_680595.1,0.9869219,AN,Prokaryote
XP_680601.1,0.9903619,AN,Prokaryote
XP_680611.1,0.87797135,AN,Prokaryote
XP_680612.1,0.9782869,AN,Prokaryote
XP_680615.1,0.9872978,AN,Prokaryote
XP_680629.1,0.9753764,AN,Prokaryote
XP_680632.1,0.91517323,AN,Prokaryote
XP_680648.1,0.66072184,AN,Prokaryote
XP_680700.1,0.5256042,AN,Prokaryote
XP_680703.1,0.9462551,AN,Prokaryote
XP_680724.1,0.98286843,AN,Prokaryote
XP_680737.1,0.99081695,AN,Prokaryote
XP_680764.1,0.8804497,AN,Prokaryote
XP_680765.1,0.96593815,AN,Prokaryote
XP_680776.1,0.97901595,AN,Prokaryote
XP_680777.1,0.98328364,AN,Prokaryote
XP_680782.1,0.9918997,AN,Prokaryote
XP_680785.1,0.9896937,AN,Prokaryote
XP_680807.1,0.9815244,AN,Prokaryote
XP_680814.1,0.98043895,AN,Prokaryote
XP_680822.1,0.9820594,AN,Prokaryote
XP_680825.1,0.87220794,AN,Prokaryote
XP_680841.1,0.98116904,AN,Prokaryote
XP_680847.1,0.9771892,AN,Prokaryote
XP_680852.1,0.70435894,AN,Prokaryote
XP_680861.1,0.93701625,AN,Prokaryote
XP_680865.1,0.9774851,AN,Prokaryote
XP_680879.1,0.9871373,AN,Prokaryote
XP_680881.1,0.77867293,AN,Prokaryote
XP_680895.1,0.9828622,AN,Prokaryote
XP_680920.1,0.965041,AN,Prokaryote
XP_680924.1,0.9761153,AN,Prokaryote
XP_680930.1,0.9752715,AN,Prokaryote
XP_680950.1,0.8017775,AN,Prokaryote
XP_680958.1,0.9484479,AN,Prokaryote
XP_680963.1,0.9227348,AN,Prokaryote
XP_680982.1,0.8861652,AN,Prokaryote
XP_680992.1,0.7883027,AN,Prokaryote
XP_681026.1,0.8394202,AN,Prokaryote
XP_681034.1,0.90662533,AN,Prokaryote
XP_681045.1,0.9775348,AN,Prokaryote
XP_681057.1,0.9898086,AN,Prokaryote
XP_681089.1,0.99178594,AN,Prokaryote
XP_681099.1,0.73886746,AN,Prokaryote
XP_681110.1,0.9644573,AN,Prokaryote
XP_681136.1,0.990737,AN,Prokaryote
XP_681141.1,0.9605334,AN,Prokaryote
XP_681182.1,0.9374024,AN,Prokaryote
XP_681190.1,0.9831102,AN,Prokaryote
XP_681197.1,0.8882131,AN,Prokaryote
XP_681237.1,0.9911342,AN,Prokaryote
XP_681240.1,0.9906623,AN,Prokaryote
XP_681260.1,0.9562902,AN,Prokaryote
XP_681262.1,0.9092376,AN,Prokaryote
XP_681300.1,0.74824405,AN,Prokaryote
XP_681304.1,0.73013914,AN,Prokaryote
XP_681308.1,0.98821324,AN,Prokaryote
XP_681370.1,0.7105352,AN,Prokaryote
XP_681372.1,0.98841375,AN,Prokaryote
XP_681380.1,0.97157955,AN,Prokaryote
XP_681385.1,0.748241,AN,Prokaryote
XP_681394.1,0.90932196,AN,Prokaryote
XP_681398.1,0.91773176,AN,Prokaryote
XP_681429.1,0.79806954,AN,Prokaryote
XP_681430.1,0.9902928,AN,Prokaryote
XP_681433.1,0.9896589,AN,Prokaryote
XP_681446.1,0.7474223,AN,Prokaryote
XP_681455.1,0.99082863,AN,Prokaryote
XP_681461.1,0.7941662,AN,Prokaryote
XP_681477.1,0.7684762,AN,Prokaryote
XP_681496.1,0.9842181,AN,Prokaryote
XP_681504.1,0.9835466,AN,Prokaryote
XP_681520.1,0.9916938,AN,Prokaryote
XP_681540.1,0.98184997,AN,Prokaryote
XP_681567.1,0.99151844,AN,Prokaryote
XP_681624.1,0.9904103,AN,Prokaryote
XP_681626.1,0.98873436,AN,Prokaryote
XP_681646.1,0.98989546,AN,Prokaryote
XP_681660.1,0.9910233,AN,Prokaryote
XP_681683.1,0.99041724,AN,Prokaryote
XP_681695.1,0.99069816,AN,Prokaryote
XP_681700.1,0.97897345,AN,Prokaryote
XP_681729.1,0.99031687,AN,Prokaryote
XP_681742.1,0.99034446,AN,Prokaryote
XP_681756.1,0.98081654,AN,Prokaryote
XP_681775.1,0.9900982,AN,Prokaryote
XP_681777.1,0.9667662,AN,Prokaryote
XP_681778.1,0.9912999,AN,Prokaryote
XP_681786.1,0.8916437,AN,Prokaryote
XP_681789.1,0.8916437,AN,Prokaryote
XP_681804.1,0.9905255,AN,Prokaryote
XP_681845.1,0.9483408,AN,Prokaryote
XP_681859.1,0.988535,AN,Prokaryote
XP_681867.1,0.98234427,AN,Prokaryote
XP_681869.1,0.9776954,AN,Prokaryote
XP_681882.1,0.9439216,AN,Prokaryote
XP_681912.1,0.98893994,AN,Prokaryote
XP_681914.1,0.6368524,AN,Prokaryote
XP_681917.1,0.8322703,AN,Prokaryote
XP_681924.1,0.98983496,AN,Prokaryote
XP_681935.1,0.9918876,AN,Prokaryote
XP_681936.1,0.9905123,AN,Prokaryote
XP_681939.1,0.9836231,AN,Prokaryote
XP_681945.1,0.93340087,AN,Prokaryote
XP_681963.1,0.9918876,AN,Prokaryote
XP_681965.1,0.9485787,AN,Prokaryote
XP_681966.1,0.7866051,AN,Prokaryote
XP_681986.1,0.9913571,AN,Prokaryote
XP_682004.1,0.9768544,AN,Prokaryote
XP_682010.1,0.98732215,AN,Prokaryote
XP_682022.1,0.9894326,AN,Prokaryote
XP_682043.1,0.6308683,AN,Prokaryote
XP_682048.1,0.8487807,AN,Prokaryote
XP_682057.1,0.98938143,AN,Prokaryote
XP_682095.1,0.56057465,AN,Prokaryote
XP_682103.1,0.97858536,AN,Prokaryote
XP_682126.1,0.8425276,AN,Prokaryote
XP_682127.1,0.976844,AN,Prokaryote
XP_682154.1,0.9905105,AN,Prokaryote
XP_682163.1,0.9905003,AN,Prokaryote
XP_682171.1,0.9907725,AN,Prokaryote
XP_682199.1,0.983012,AN,Prokaryote
XP_682207.1,0.9859394,AN,Prokaryote
XP_682230.1,0.9834843,AN,Prokaryote
XP_682242.1,0.97349393,AN,Prokaryote
XP_682247.1,0.6989746,AN,Prokaryote
XP_682282.1,0.9840575,AN,Prokaryote
XP_682294.1,0.9772948,AN,Prokaryote
XP_682316.1,0.9890754,AN,Prokaryote
XP_682317.1,0.70375454,AN,Prokaryote
XP_682319.1,0.9899749,AN,Prokaryote
XP_682327.1,0.6811193,AN,Prokaryote
XP_682330.1,0.96241045,AN,Prokaryote
XP_682356.1,0.7892853,AN,Prokaryote
XP_682365.1,0.7233587,AN,Prokaryote
XP_682371.1,0.9170244,AN,Prokaryote
XP_682373.1,0.98584044,AN,Prokaryote
XP_682389.1,0.78911126,AN,Prokaryote
XP_682390.1,0.9522728,AN,Prokaryote
XP_682401.1,0.9799702,AN,Prokaryote
XP_682410.1,0.95636225,AN,Prokaryote
XP_682413.1,0.9194597,AN,Prokaryote
XP_682416.1,0.9821228,AN,Prokaryote
XP_682419.1,0.9834857,AN,Prokaryote
XP_682451.1,0.98023623,AN,Prokaryote
XP_682505.1,0.98981756,AN,Prokaryote
XP_682552.1,0.9429478,AN,Prokaryote
XP_682561.1,0.99141425,AN,Prokaryote
XP_682562.1,0.899178,AN,Prokaryote
XP_682597.1,0.990764,AN,Prokaryote
XP_682604.1,0.9610518,AN,Prokaryote
XP_682618.1,0.7114868,AN,Prokaryote
XP_682627.1,0.8143158,AN,Prokaryote
XP_682629.1,0.91181594,AN,Prokaryote
XP_682645.1,0.9883143,AN,Prokaryote
XP_682650.1,0.9905997,AN,Prokaryote
XP_682664.1,0.9903562,AN,Prokaryote
XP_682666.1,0.94286335,AN,Prokaryote
XP_868816.1,0.7371433,AN,Prokaryote
XP_868830.1,0.985769,AN,Prokaryote
XP_868874.1,0.98237014,AN,Prokaryote
XP_868877.1,0.99135244,AN,Prokaryote
XP_868882.1,0.99171984,AN,Prokaryote
XP_868887.1,0.9890125,AN,Prokaryote
XP_868905.1,0.6612383,AN,Prokaryote
XP_868917.1,0.83343893,AN,Prokaryote
XP_868921.1,0.9904757,AN,Prokaryote
XP_868923.1,0.950342,AN,Prokaryote
